number,name,earnings,gold,silver,bronze,s-tier
1,Faker,1498711.00,18,9,3,16
2,Duke,1151427.00,10,2,5,8
3,Bang,1057318.00,9,5,2,9
4,Wolf,1053271.00,9,7,1,9
5,Bengi,926920.00,9,1,3,8
6,JackeyLove,841011.00,9,3,2,5
7,Rookie,735323.00,7,4,6,4
8,CoreJJ,716738.00,8,7,2,3
9,Ning,696766.00,5,3,4,3
10,Baolan,684271.00,6,3,4,3
11,TheShy,682222.00,5,3,3,3
12,Xiaohu,680083.00,12,4,0,8
13,Ruler,664007.00,6,6,3,1
14,Blank,655613.00,5,5,2,5
15,Karsa,624814.00,13,4,1,10
16,Ambition,596773.00,8,6,3,2
17,Uzi,595528.00,8,6,1,4
18,Mata,585456.00,9,6,5,7
19,Perkz,583204.00,13,6,3,12
20,Caps,562862.00,11,3,4,9
21,CuVee,562064.00,5,3,1,1
22,Crown,554863.00,5,3,2,1
23,Meiko,548639.00,13,3,3,8
24,Impact,539675.00,11,5,4,8
25,Peanut,531539.00,5,12,1,4
26,Mlxg,510811.00,9,3,0,6
27,Ming,506509.00,11,3,0,6
28,Clearlove,485773.00,11,3,2,9
29,Scout,476082.00,9,2,3,7
30,Rekkles,475412.00,9,11,6,5
31,Jankos,475177.00,8,3,4,7
32,PawN,448344.00,8,4,5,5
33,sOAZ,446848.00,12,11,2,6
34,Khan,444323.00,8,7,1,7
35,Deft,442594.00,8,9,5,6
36,Letme,428568.00,7,2,0,5
37,Doinb,401782.00,3,8,5,3
38,Wunder,401741.00,10,3,1,7
39,Haru,397728.00,4,0,1,2
40,PraY,394085.00,5,8,1,4
41,Hylissang,389692.00,6,11,3,4
42,Huni,380708.00,5,5,5,4
43,Jensen,376739.00,9,7,1,3
44,Looper,357390.00,3,2,2,2
45,GorillA,356840.00,4,10,1,3
46,Crisp,354755.00,2,4,2,2
46,Lwx,354755.00,2,4,2,2
48,Broxah,353940.00,6,3,4,4
49,Bwipo,351055.00,5,5,1,4
50,Tian,348885.00,2,5,2,2
51,ShowMaker,347609.00,8,2,1,5
52,Canyon,344963.00,7,2,1,5
53,BeryL,337477.00,8,2,1,5
54,SwordArT,333989.00,9,3,6,6
55,Doublelift,333438.00,10,9,2,9
56,Imp,329670.00,4,4,5,3
57,Smeb,312308.00,4,7,3,2
58,Ghost,307025.00,5,2,1,4
59,Sneaky,303345.00,10,7,0,3
60,Mikyx,295496.00,7,2,1,6
61,Zven,295293.00,8,11,2,5
62,Kuro,292392.00,2,6,3,1
63,Easyhoon,292021.00,4,1,0,3
64,Xmithie,283599.00,6,6,2,6
65,Svenskeren,280214.00,5,6,2,4
66,Bdd,273033.00,3,6,2,2
67,DanDy,271874.00,3,2,3,2
68,MaRin,264796.00,3,1,1,3
69,Nuguri,262341.00,5,2,1,3
70,Piglet,261128.00,4,1,4,3
71,Maple,259725.00,10,2,4,6
72,Viper,257895.00,5,3,2,3
73,PoohManDu,252967.00,4,0,2,3
74,GimGoon,252048.00,2,1,3,2
75,Clid,250619.00,5,2,4,3
76,Bjergsen,246259.00,9,9,1,7
77,Mouse,245036.00,5,2,2,5
78,mithy,243179.00,8,11,1,4
79,knight,220609.00,3,5,1,2
80,Zero,218370.00,2,2,1,2
81,Flandre,218145.00,2,1,2,2
82,BeBe,216657.00,1,2,3,1
83,xiye,216064.00,5,3,1,2
84,369,214594.00,3,4,1,2
85,Cuzz,210305.00,4,5,1,4
86,LokeN,207782.00,4,5,4,1
87,Mystic,204301.00,4,2,2,2
88,Toyz,202560.00,1,2,1,1
89,MiSTakE,202160.00,1,1,1,1
89,Lilballz,202160.00,1,1,1,1
89,Stanley,202160.00,1,1,1,1
92,Rascal,197956.00,3,5,3,2
93,Score,196131.00,5,9,5,2
94,Korol,194554.00,4,2,3,4
95,Betty,194014.00,7,0,4,6
96,Ben,193705.00,3,2,2,1
97,Blaber,193038.00,5,3,1,2
98,Jiejie,191196.00,2,1,3,2
99,iBoy,190136.00,5,1,1,2
100,Yagao,188058.00,2,3,4,1
100,LvMao,188058.00,2,3,4,1
100,Zoom,188058.00,2,3,4,1
103,Ryu,185402.00,3,3,6,2
104,Condi,184048.00,3,1,1,2
105,Trick,182178.00,4,3,2,4
106,YellOwStaR,181049.00,7,8,2,5
107,Zz1tai,177179.00,5,3,3,3
108,Wraith,176649.00,0,1,1,0
109,WildTurtle,175508.00,5,7,3,4
110,yuyanjia,174422.00,3,1,1,2
111,Odoamne,172452.00,6,2,8,1
112,Spirit,166570.00,2,5,5,1
113,Expect,166311.00,5,3,0,3
114,Ssumday,163571.00,5,5,1,2
115,Teddy,162007.00,4,1,0,4
116,Chovy,159439.00,3,5,3,1
117,Hjarnan,155680.00,10,9,7,1
118,xPeke,153709.00,10,7,1,4
119,Licorice,153113.00,2,5,0,1
120,Biofrost,152075.00,5,0,2,5
121,Santorin,147825.00,6,5,0,1
122,Hanabi,147548.00,7,1,2,3
123,inSec,145833.00,4,2,2,2
124,Diamondprox,144378.00,9,6,1,1
125,Alphari,144346.00,4,5,0,1
126,Humanoid,142211.00,5,1,1,2
127,Zeyzal,139853.00,3,6,2,0
128,SofM,138250.00,2,2,2,0
129,MMD,136650.00,6,1,1,6
130,Pobelter,135942.00,3,3,3,3
131,Meteos,135660.00,5,4,1,2
132,Dyrus,134031.00,6,9,0,3
133,Flame,132955.00,3,4,1,3
134,Hauntzer,132500.00,4,2,2,4
135,Kanavi,131823.00,1,2,2,1
136,aphromoo,131340.00,2,6,2,2
137,Vander,128943.00,1,2,4,0
138,Evi,127356.00,9,4,3,1
139,huanfeng,126869.00,3,1,1,0
140,Yutapon,124856.00,11,6,1,1
141,Rey,123881.00,3,2,1,1
142,NaMei,123247.00,4,2,0,4
143,Steal,121871.00,8,3,1,1
144,PowerOfEvil,121830.00,1,7,5,0
145,Smoothie,121333.00,4,6,1,1
146,GALA,120125.00,4,1,0,2
147,Life,118432.00,1,3,2,0
148,Fireloli,115921.00,2,1,2,2
149,Olleh,114025.00,2,5,0,2
150,dade,113967.00,2,2,1,2
151,Kramer,113854.00,0,3,2,0
152,Bin,112521.00,2,1,2,0
153,Angel,112210.00,3,2,1,0
154,Hans sama,111972.00,3,2,2,0
155,Gaeng,110531.00,6,1,2,0
156,Cyanide,110153.00,7,5,1,4
157,WADID,109876.00,3,1,1,1
158,Acorn,109282.00,2,2,0,2
159,Haro,109047.00,3,2,1,1
160,TusiN,108129.00,1,3,3,1
161,Able,106919.00,3,0,0,2
162,QiuQiu,106235.00,1,2,1,1
163,Wei,104175.00,3,0,0,2
164,Keria,103731.00,1,2,1,0
165,IgNar,103331.00,1,3,3,0
166,Cryin,102559.00,4,0,0,2
167,Lustboy,102509.00,6,3,0,3
168,Cool,102124.00,1,2,2,1
169,PvPStejos,101895.00,6,3,0,0
170,ZionSpartan,101765.00,2,8,2,2
171,Tarzan,101099.00,3,4,1,1
172,huhi,101016.00,2,4,1,2
173,Carzzy,100957.00,6,1,1,2
174,Shy,100948.00,1,5,2,0
175,Kirrrra,100654.00,6,4,1,0
176,Wuxx,98940.00,2,1,2,1
177,Kaiser,98621.00,6,2,3,2
178,MadLife,98606.00,2,6,2,0
179,Nemesis,98428.00,7,4,1,1
180,Woolite,96340.00,15,8,1,0
181,Watch,96297.00,1,3,0,1
182,West,95566.00,2,2,1,1
183,Athena,95443.00,3,2,1,0
184,FORG1VEN,95379.00,1,0,1,0
185,Ceros,94940.00,10,7,1,1
186,Amazing,93969.00,4,4,1,1
187,LoveLing,93900.00,1,3,1,1
187,Gogoing,93900.00,1,3,1,1
187,san,93900.00,1,3,1,1
190,Nisqy,93890.00,3,8,2,2
191,FEBIVEN,93852.00,7,5,2,2
192,Flawless,93606.00,2,4,1,1
193,Levi,93077.00,9,5,0,0
194,Alex Ich,93049.00,4,5,1,1
195,Kiin,90451.00,1,3,2,0
196,Genja,88300.00,4,3,1,1
196,Darien,88300.00,4,3,1,1
198,AmazingJ,87668.00,2,2,1,0
199,Hai,87649.00,5,2,1,2
200,Ucal,87281.00,1,1,1,1
201,LemonNation,87249.00,5,2,0,2
202,Ziv,86726.00,1,4,3,0
203,Jesiz,85412.00,2,2,5,0
204,Vizicsacsi,84394.00,1,10,2,0
205,Froggen,84313.00,4,1,2,1
206,Vulcan,84088.00,4,1,1,2
207,Balls,83500.00,5,2,1,2
208,Canna,83494.00,2,2,0,1
209,Lehends,83276.00,3,3,1,1
210,Moojin,82946.00,2,1,1,2
211,U,82801.00,3,1,0,3
212,KaKAO,82348.00,3,2,5,1
213,Arrow,82200.00,6,3,2,2
214,Mowgli,81549.00,1,1,2,0
215,Effort,81052.00,2,1,0,2
216,Westdoor,80942.00,1,2,2,0
217,Kikis,80810.00,4,5,6,1
218,Tactical,80740.00,3,4,1,0
219,Jinjiao,77833.00,1,3,1,0
220,Sword,77590.00,3,3,1,1
221,Xpecial,76040.00,4,7,4,1
222,Wickd,76037.00,2,3,4,1
223,An,75876.00,1,2,3,0
224,y4,75722.00,2,1,0,2
225,Leyan,72683.00,3,0,0,0
226,705,72451.00,2,0,0,1
227,Albis,72272.00,1,2,2,0
228,Cain,72097.00,1,1,0,1
229,RapidStar,71547.00,0,3,0,0
230,Hojin,71222.00,0,2,1,0
231,Mountain,71160.00,1,2,2,0
232,Kobbe,71096.00,3,2,3,1
233,Armut,70832.00,4,0,0,2
234,NL,70532.00,3,0,0,1
235,Smurf,69882.00,2,5,2,0
236,Kid,69768.00,1,3,3,0
237,JunJia,69224.00,2,0,0,1
238,Jactroll,68795.00,4,2,2,0
239,GodLike,68511.00,0,1,1,0
240,Corn,68440.00,0,1,1,0
241,Stixxay,68315.00,1,3,3,1
242,SaNTaS,68191.00,8,4,0,0
243,TheOddOne,68040.00,4,6,2,1
244,LANGX,67726.00,1,2,1,0
245,Kaiwing,67091.00,6,1,1,0
246,Reginald,67040.00,4,5,2,1
247,Elyoya,66955.00,3,1,0,2
248,Reignover,66370.00,2,1,2,2
249,Selfmade,65719.00,5,3,0,0
250,Larssen,65607.00,1,4,2,0
251,Heart,63444.00,1,1,0,1
252,Woong,63255.00,0,3,0,0
253,Nuclear,62417.00,3,1,1,1
254,Nagne,62287.00,1,1,0,0
255,Armao,62000.00,3,4,1,0
256,Aodi,61570.00,2,0,0,2
257,Naul,61554.00,5,4,1,0
258,Unified,61368.00,6,1,1,0
259,Koala,61295.00,2,2,3,1
260,Maxlore,60791.00,1,1,1,0
261,Slay,60702.00,4,1,1,0
262,BOSS,60489.00,8,1,0,0
263,Cabochard,60150.00,2,4,1,0
264,Road,60131.00,1,2,2,0
265,Palette,59918.00,4,3,1,0
266,Gumayusi,59851.00,3,2,0,0
267,Cola,59693.00,0,1,1,0
268,Inspired,59668.00,1,5,4,0
269,Stark,59209.00,5,2,2,0
270,Archie,58371.00,4,2,1,0
271,Oner,58173.00,3,3,0,0
272,nRated,58093.00,4,3,2,2
273,Xerxe,58027.00,1,3,3,1
274,iBo,57553.00,9,7,1,0
275,Likkrit,57455.00,2,3,0,0
276,Nomanz,57399.00,8,1,0,0
277,Attila,57148.00,5,0,1,0
278,WeiXiao,57090.00,5,0,1,1
279,Doran,57052.00,1,2,1,0
280,AHaHaCiK,56907.00,8,1,0,0
281,G4,56678.00,9,3,2,0
282,XuanXuanPi,56562.00,1,0,0,1
283,Fudge,55750.00,4,2,1,1
284,Wh1t3zZ,55747.00,0,1,0,0
285,Ley,55724.00,1,1,2,1
286,brTT,55524.00,8,8,4,1
287,Tabe,55327.00,0,1,0,0
287,Lucky,55327.00,0,1,0,0
289,Lloyd,55178.00,9,3,2,0
290,PK,54960.00,2,6,4,0
291,Slow,54809.00,6,3,1,0
292,Pyl,54704.00,1,1,1,1
293,Abbedagge,54671.00,3,2,2,2
294,Jiizuke,54564.00,1,0,2,0
295,Smlz,54429.00,2,1,4,2
296,Contractz,53773.00,2,2,0,1
297,Aluka,52331.00,1,2,1,1
298,Saken,52296.00,7,7,3,0
299,Chawy,52028.00,0,3,2,0
300,GODV,51887.00,1,1,0,1
301,Cody Sun,51154.00,1,3,1,0
302,Rockky,50819.00,6,1,2,0
303,River,50642.00,5,2,1,0
304,aMiracle,50618.00,2,1,0,0
305,Snoopeh,50505.00,1,2,3,0
306,Gadget,50499.00,6,4,1,0
307,Misaya,50074.00,4,0,1,1
308,Bigkoro,50072.00,2,3,1,0
309,AnDa,50025.00,5,1,0,0
310,nukeduck,50024.00,2,7,1,1
311,Gilius,49769.00,2,2,4,0
312,Denyk,49608.00,3,6,0,0
313,Targamas,49212.00,13,4,5,0
314,BrokenBlade,49035.00,2,5,0,2
315,Yellowpete,48625.00,1,1,2,0
316,Zeros,48254.00,3,2,1,0
317,Aria,48138.00,2,0,1,0
318,Ramune,48070.00,6,0,2,1
319,Oddie,48045.00,7,1,3,0
320,Piccaboo,47863.00,2,1,0,1
321,Krepo,47825.00,1,1,1,0
322,xMatty,47727.00,21,8,4,0
323,delord,47253.00,9,4,2,0
324,BaeMe,47167.00,0,0,1,0
325,Tolkin,46683.00,8,3,2,0
326,Kongyue,46642.00,0,2,3,0
327,Lodik,46481.00,4,2,0,0
328,Bugi,46246.00,2,1,3,1
329,K1ng,46161.00,8,3,2,1
330,Kold,46111.00,5,2,1,1
331,MaKNooN,46079.00,1,2,0,1
332,Uniboy,46042.00,0,2,4,0
333,Optimus,45675.00,6,1,2,0
334,Pyosik,45654.00,0,1,1,0
335,baybay,45400.00,0,2,2,0
336,Neon,45166.00,3,4,0,0
337,Liang,44904.00,0,4,3,0
338,Expession,44838.00,0,0,0,0
339,Fly,44815.00,3,3,2,0
340,Ggoong,44527.00,0,3,0,0
341,Crash,44372.00,2,0,2,0
342,CaoMei,43990.00,2,0,1,0
343,Plugo,43537.00,7,3,1,0
344,Roach,43359.00,2,4,0,1
345,Trymbi,43099.00,2,2,1,0
346,Malrang,43057.00,1,1,1,1
347,Cloud,42997.00,0,1,0,0
348,Upset,42723.00,0,3,2,0
349,Tabzz,42035.00,1,2,0,1
350,Swift,41589.00,0,2,1,0
351,Sebekx,41539.00,9,3,0,0
352,promisq,41534.00,3,1,0,1
353,Jejky,41427.00,7,2,0,0
354,Chres,41412.00,5,2,2,0
355,Cpt Jack,41311.00,3,3,0,1
356,Xx,41151.00,0,4,1,0
356,SnowFlower,41151.00,4,0,1,1
358,Closer,41063.00,3,1,0,2
359,FBI,40985.00,3,2,2,1
360,Nyph,40480.00,1,1,1,1
361,LIDER,40470.00,3,3,0,0
362,FoFo,40417.00,1,3,3,1
363,PDD,40250.00,1,2,1,0
364,kaSing,40147.00,6,7,6,1
365,fabFabulous,40120.00,6,3,0,2
366,puszu,40000.00,1,0,0,1
367,Shenyi,39844.00,0,2,1,0
368,Save,39781.00,0,2,1,0
369,Zeitnot,39570.00,5,3,1,2
370,micaO,39509.00,6,4,0,1
371,illuSioN,39370.00,1,2,1,0
372,Solo,39125.00,2,2,0,0
373,Morning,39097.00,2,2,3,2
374,Stitch,38976.00,1,1,2,0
375,tockers,38950.00,6,3,0,2
376,Seiya,38945.00,6,1,3,0
377,Meliodas,38732.00,2,0,1,0
378,P1noy,38655.00,7,3,1,1
379,icon,38648.00,1,1,1,1
380,Eika,38458.00,12,5,2,0
381,Morgan,38451.00,1,1,1,0
382,SSONG,38279.00,1,1,0,1
383,Spica,38275.00,1,2,1,1
384,Whitelotus,38210.00,6,1,1,0
385,Nardeus,38117.00,4,0,0,0
386,Chaox,38040.00,2,3,2,0
387,Steak,38000.00,2,0,0,0
388,Avoidless,37857.00,1,0,3,0
389,Shemek,37801.00,12,6,3,0
390,Obsess,37504.00,3,5,3,0
391,Mark,37399.00,2,1,0,0
392,kRYST4L,37369.00,0,1,1,0
393,Tom,37359.00,2,0,0,2
394,M1ssion,37323.00,3,1,3,0
395,xiaolaohu,37164.00,0,2,0,0
396,Rikara,37025.00,2,0,0,0
397,Killua,36905.00,1,2,2,1
398,Beichuan,36866.00,0,2,0,0
399,Prince,36790.00,1,1,1,0
400,Buggax,36636.00,4,0,1,0
401,Hope,36553.00,0,1,0,0
402,Adam,36533.00,3,1,2,0
403,TynX,36465.00,5,3,2,0
404,Doxy,36366.00,4,6,1,0
405,loulex,36166.00,1,0,2,1
406,Xuhao,36126.00,1,0,1,0
407,Burdol,36105.00,1,2,0,0
408,GuGer,36071.00,2,6,0,0
409,Tierwulf,36052.00,5,2,0,0
410,XLB,36014.00,2,2,0,0
411,Agresivoo,35964.00,5,4,4,0
412,Shernfire,35936.00,5,2,1,1
413,Revolta,35735.00,5,4,5,2
414,Fix,35665.00,6,4,0,0
415,Zanzarah,35579.00,3,8,1,0
416,Rich,35464.00,3,2,0,0
417,Voyboy,35450.00,3,3,3,0
418,Steeelback,35301.00,7,1,0,1
419,Rather,35294.00,2,1,1,1
420,Bando,35176.00,6,7,2,0
421,Stomaged,35120.00,5,3,0,2
422,Coco,34962.00,0,1,3,0
423,Bvoy,34915.00,0,4,0,0
424,Shlatan,34723.00,6,5,0,0
425,Orome,34675.00,3,2,2,0
426,Rahel,34515.00,1,0,0,1
427,Helios,34482.00,3,3,0,1
428,HotshotGG,34380.00,3,3,3,0
429,TitaN,34281.00,7,0,1,1
430,Sertuss,34263.00,4,3,2,0
431,Yang,33740.00,6,5,0,2
432,Noway,33625.00,4,4,3,0
433,Nite,33576.00,4,2,4,0
434,Cinkrof,33561.00,5,5,2,0
435,K,33402.00,0,2,3,0
436,GBM,33400.00,3,2,0,1
437,Tonerre,33233.00,10,4,6,0
438,Lilv,33067.00,1,2,4,1
439,Zefa,33047.00,0,2,0,0
440,Mafa,32986.00,2,1,2,1
441,Tabasko,32922.00,6,2,4,0
442,bluerzor,32885.00,10,6,5,0
443,Frozen,32881.00,2,2,0,1
444,ShiauC,32806.00,2,0,1,2
445,Send0o,32775.00,8,11,2,1
446,Breeze,32502.00,0,2,3,0
447,Czekolad,32448.00,4,1,1,0
448,Jockster,32371.00,4,3,0,1
449,Crownshot,32311.00,8,6,1,0
450,Conan,32267.00,2,0,1,0
451,Kitties,32250.00,0,2,2,0
452,Tank,32009.00,0,3,2,0
453,Chauster,31980.00,2,3,3,0
454,NaeHyun,31976.00,2,2,1,2
455,Asza,31971.00,7,3,2,0
456,Tore,31944.00,2,2,0,0
457,Gemini,31939.00,1,2,2,0
458,Xiyang,31577.00,1,1,2,1
459,Keith,31400.00,1,4,1,0
460,Jay,31375.00,1,2,2,0
461,Phones,31322.00,1,5,5,0
462,Keduii,31231.00,4,6,2,0
463,Rest,31099.00,1,1,4,1
464,Vsta,30965.00,0,1,2,0
465,YiJin,30872.00,3,2,3,0
466,Kami,30814.00,3,4,4,0
467,Atlen,30730.00,3,0,1,2
468,Bo,30670.00,0,1,0,0
469,NikSar,30622.00,1,0,0,0
470,ZaZee,30461.00,5,2,0,0
471,Warangelus,30360.00,2,5,1,0
472,Djoko,30280.00,9,4,0,0
473,Robo,30232.00,6,3,1,1
474,Key,30095.00,2,0,0,0
475,IWillDominate,30000.00,0,4,4,0
476,Blasting,29902.00,3,1,0,0
477,Pretty,29860.00,9,2,1,0
478,MagiFelix,29654.00,13,5,1,1
479,Shanks,29636.00,1,2,2,0
480,SolidSnake,29425.00,5,1,2,0
481,Lucas,29269.00,2,0,1,0
482,SirT,29175.00,3,4,3,0
483,Innaxe,29086.00,4,7,0,0
484,Don Arts,28990.00,4,2,1,0
485,Finn,28967.00,1,2,3,0
486,Crazy,28861.00,3,0,0,0
487,Kellin,28728.00,0,2,2,0
488,Kreox,28670.00,1,3,1,0
489,V1per,28600.00,4,1,0,0
490,Comp,28451.00,8,3,1,0
491,Adrian,28400.00,1,3,5,0
492,Profit,28366.00,2,0,0,1
493,Mole,28327.00,0,1,2,0
494,Voidle,28052.00,2,2,2,0
495,Exile,28005.00,2,7,2,0
496,Kiaya,27883.00,2,2,1,0
497,Moyu,27863.00,0,2,1,0
498,Hana,27840.00,1,0,2,1
499,Aiming,27810.00,0,2,1,0
500,Rush,27796.00,1,0,2,1
501,Homme,27787.00,1,1,1,1
502,Space,27760.00,0,2,2,0
503,Moopz,27592.00,8,6,4,0
504,Chei,27573.00,0,2,0,0
505,Dan Dan,27546.00,6,6,1,0
506,Mylon,27408.00,4,2,2,0
507,RedBert,27343.00,4,2,1,0
508,Bigfatlp,27280.00,2,3,1,0
509,ADD,27273.00,1,2,0,0
510,Ranger,27116.00,3,1,1,1
511,Nukes,27027.00,4,4,1,0
512,Candy,27000.00,3,1,0,0
513,NoWay,26998.00,6,3,1,0
514,Nate,26878.00,6,6,0,0
515,Forge,26844.00,2,0,0,0
516,Duan,26690.00,1,0,0,0
517,Dioud,26588.00,3,1,3,0
518,Sya,26581.00,2,2,1,0
519,Toaster,26551.00,6,7,3,0
520,HustlinbeasT,25901.00,5,5,7,0
521,Raxxo,25900.00,2,8,2,0
522,SSol,25807.00,1,4,1,0
523,Ellim,25759.00,3,1,0,1
524,Kuzan,25732.00,1,1,0,0
525,Ronop,25651.00,3,1,2,0
526,Vasilii,25491.00,0,0,1,0
527,dyNquedo,25398.00,3,0,3,1
528,Chippys,25292.00,4,3,5,0
529,Nevan,25203.00,2,1,0,0
530,cvMax,25177.00,1,1,0,1
531,scarra,25100.00,1,3,5,0
532,Imaqtpie,25100.00,1,3,5,0
533,Paz,25031.00,4,5,3,1
534,Karis,25003.00,3,1,0,0
535,Lurox,24858.00,3,3,4,0
536,Blanc,24824.00,1,0,0,1
537,Shadow,24770.00,1,1,1,0
538,Sangyoon,24759.00,1,1,1,0
539,Move,24700.00,3,1,0,1
540,TinOwns,24678.00,7,4,0,0
541,Zantins,24486.00,4,0,0,1
542,CandyPanda,24480.00,0,2,2,0
543,Shook,24450.00,1,0,0,1
544,Sleeping,24304.00,5,5,0,0
545,Pilot,24274.00,1,1,1,0
546,WhiteKnight,23949.00,4,1,0,0
546,Benny,23924.00,0,1,2,0
548,De?dly,23916.00,4,6,1,0
549,Kingen,23910.00,1,0,0,1
550,SMILEY,23886.00,3,6,4,0
551,Destiny,23836.00,5,3,1,1
552,Sky,23792.00,1,0,1,1
553,Damonte,23763.00,1,2,2,0
554,Babip,23554.00,5,2,0,1
555,Thaldrin,23477.00,5,0,0,1
556,XiaoXiao,23457.00,0,1,1,0
557,Newbie,23360.00,1,6,4,0
558,Zhuo,23353.00,2,0,0,0
559,Y1han,23228.00,0,1,0,0
560,Skeanz,23148.00,5,6,4,0
561,Riyev,23121.00,4,0,0,1
562,Dreams,23006.00,3,3,0,0
563,Paranoia,22995.00,1,3,1,0
564,Hiiva,22819.00,2,4,0,0
565,Jeskla,22754.00,3,4,0,0
566,Gori,22679.00,2,0,1,1
567,Padden,22577.00,2,0,0,1
568,LirA,22479.00,1,0,1,0
569,Untara,22284.00,0,1,0,0
570,poome,22220.00,4,1,3,0
571,Winds,22200.00,0,1,0,0
572,Archer,22190.00,1,0,1,0
573,Vetheo,22174.00,2,2,1,0
574,Punch,22154.00,1,3,1,0
575,Agurin,22077.00,6,2,1,0
576,Puki Style,22057.00,2,8,4,0
577,Emperor,22044.00,1,1,1,1
578,Goldenglue,22000.00,1,2,1,0
579,Kazu,21989.00,3,1,0,0
580,COLD,21923.00,1,0,1,1
581,SoHwan,21907.00,0,1,0,0
582,Fenix,21890.00,1,2,3,0
583,Yuuki60,21813.00,4,4,4,0
584,Werlyb,21754.00,7,1,0,0
585,Venus,21739.00,0,4,1,0
586,Maxi,21641.00,2,7,0,0
587,VincentVega,21616.00,0,4,0,0
588,EasyLove,21547.00,1,4,0,0
589,Empt2y,21491.00,1,1,0,0
589,Raina,21490.00,1,2,1,0
589,Ace,21490.00,2,2,1,0
592,Ryoma,21455.00,3,3,5,1
593,ocelote,21422.00,0,1,5,0
594,Kirei,21357.00,2,3,3,0
595,kev1n,21270.00,1,0,0,0
596,Xiaobai,21200.00,1,1,0,1
597,Warzone,21151.00,1,0,2,0
598,beishang,21148.00,0,3,2,0
599,Missing,21148.00,1,2,2,0
600,Elk,21148.00,0,2,2,0
600,Naru,20993.00,4,1,1,1
600,Slayder,20973.00,2,1,3,0
603,Tally,20826.00,4,2,3,0
604,Minerva,20795.00,4,5,1,0
605,NoNHoly,20727.00,0,6,1,0
606,Triple,20684.00,5,2,0,1
607,Bean,20625.00,1,3,1,0
608,Matislaw,20611.00,3,7,1,0
609,DiscotEkka,20549.00,0,4,0,0
610,Willer,20536.00,1,1,0,0
611,Exosen,20298.00,5,5,1,0
612,POP,20258.00,5,0,0,0
613,ON,20132.00,1,0,1,0
614,Wendelbo,20055.00,5,4,0,0
615,fredy122,20000.00,0,1,1,0
616,Veritas,19902.00,2,3,0,0
617,Light,19859.00,0,1,0,0
618,Ale,19859.00,0,1,0,0
619,Iwandy,19859.00,0,2,0,0
620,Tay,19808.00,3,2,0,0
621,Saintvicious,19730.00,3,2,3,0
622,Jisu,19634.00,3,3,1,0
623,Chaser,19486.00,0,1,0,0
624,Phrenic,19427.00,3,6,1,0
625,Jirall,19401.00,4,1,3,0
626,Beyond,19352.00,0,2,0,0
627,Dia1,19323.00,0,3,1,0
628,BioPanther,19274.00,4,1,0,1
629,Szygenda,19179.00,4,3,1,0
630,RKR,19158.00,3,0,0,0
631,Taxer,19142.00,9,12,3,0
632,Wako,19122.00,0,1,2,0
633,Samux,19115.00,0,2,1,0
634,Cupcake,19052.00,4,2,5,1
635,Acce,18974.00,1,3,2,0
636,Satorius,18855.00,1,2,2,0
637,Jenax,18816.00,1,5,2,0
638,Jestkui Max,18751.00,0,4,0,0
639,Pride,18708.00,4,3,0,0
640,Shadow,18695.00,1,3,1,0
641,Lekcycc,18690.00,0,4,2,0
642,Phaxi,18605.00,4,5,2,0
643,FZZF,18600.00,1,0,0,0
644,Sacre,18566.00,5,4,1,0
645,TrAce,18462.00,0,1,0,0
646,ikssu,18457.00,0,0,2,0
647,Doggo,18388.00,0,2,0,0
648,Hang,18383.00,1,0,0,0
649,Cube,18383.00,1,1,0,0
650,Mickey,18343.00,1,0,2,0
651,Southwind,18301.00,0,0,0,0
652,Puff,18301.00,0,0,1,0
653,cody,18287.00,3,0,1,0
654,LaMiaZeaLoT,18250.00,3,0,1,1
655,Ventair,18242.00,5,1,3,0
656,Winter,18142.00,5,4,4,0
657,Envy,18131.00,4,1,0,0
658,Apex,18114.00,1,2,2,0
659,Freeze,18086.00,4,6,1,1
660,Falco,18065.00,4,1,0,0
661,Dan,18009.00,8,2,2,0
662,Klaj,18005.00,0,4,4,0
663,Zorozero,18000.00,1,3,0,0
664,LEP,17968.00,2,1,4,0
665,Ackerman,17940.00,4,0,0,0
666,World6,17923.00,0,0,0,0
667,Mystiques,17852.00,5,7,1,0
668,Kumo,17800.00,1,2,1,0
669,QaspieL,17762.00,3,4,1,0
670,Patrik,17711.00,2,1,0,1
671,Pandar,17635.00,5,1,1,0
672,Labrov,17603.00,3,0,2,0
673,Genthix,17582.00,3,0,2,0
674,Changhong,17566.00,4,0,0,0
675,Twila,17566.00,4,0,0,0
676,Xiaopeng,17566.00,4,0,0,0
677,Hooks,17520.00,4,3,1,0
678,Joey,17305.00,1,0,0,0
679,Tempt,17288.00,1,0,0,0
680,Husha,17275.00,0,3,0,0
681,Hoit,17254.00,2,0,1,0
682,3z,17247.00,1,1,3,0
683,Kino,17204.00,0,2,1,0
684,Magic,17160.00,1,0,1,0
685,zig,17100.00,1,0,2,1
686,Broeki,17045.00,5,1,1,0
687,takeshi,17004.00,1,6,2,1
687,dexter,17000.00,0,1,1,0
687,Phlaty,16805.00,0,4,1,0
690,Th3Antonio,16804.00,6,3,0,0
691,Jenkins,16800.00,3,2,0,0
692,Bruce,16771.00,1,2,1,0
693,Shushei,16690.00,3,0,1,1
694,WarL0cK,16618.00,2,3,1,0
695,Shini,16561.00,4,3,0,0
696,5fire,16530.00,9,3,2,0
696,Ian,16515.00,0,1,1,0
698,Crumbz,16510.00,0,2,1,0
699,Absolut,16376.00,3,3,0,0
700,UmTi,16366.00,0,1,0,0
701,Lindarang,16305.00,0,0,0,0
702,Pridestalkr,16271.00,1,1,3,0
703,Alex,16269.00,0,1,2,0
704,Ysera,16261.00,0,2,2,0
705,Alu,16204.00,2,0,0,0
706,Gamsu,16200.00,1,2,2,0
707,Chrisberg,16168.00,7,0,3,0
708,Max,16162.00,0,1,0,0
709,DoubleAiM,16055.00,3,2,1,0
710,Inori,16000.00,3,1,1,0
711,Araneae,15990.00,1,0,1,0
712,Summit,15977.00,1,1,1,0
713,Coldenfeet,15931.00,0,5,0,0
714,Milica,15930.00,6,2,2,0
715,Chap,15855.00,4,3,3,0
716,Thal,15841.00,1,2,0,0
717,Leza,15831.00,1,3,1,0
718,Visdom,15827.00,0,2,5,0
719,Deftly,15813.00,0,3,0,0
720,Lost,15792.00,0,3,5,0
721,Kitty,15669.00,8,4,4,0
722,Kinzu,15601.00,0,2,2,0
723,Rabble,15592.00,0,1,3,0
724,Guoguo,15573.00,0,1,0,0
725,Hudie,15573.00,0,1,0,0
726,Jaeger,15560.00,2,1,4,0
727,Tolerant,15555.00,2,2,2,1
728,Goku,15551.00,3,5,2,0
729,FallenBandit,15520.00,3,3,0,0
730,Le Roi Bisou,15509.00,4,0,2,0
731,Qingtian,15489.00,1,0,0,0
732,Xiaocaobao,15489.00,1,0,0,0
733,Breathe,15484.00,0,2,2,0
734,Melon,15482.00,4,3,4,0
735,Kaas,15389.00,7,1,2,0
736,wewillfailer,15334.00,1,1,1,1
737,SozPurefect,15303.00,5,4,4,0
738,toucouille,15297.00,6,2,0,0
739,Ellam,15295.00,4,1,0,0
740,Wisdom,15278.00,2,0,1,1
741,seaz,15242.00,5,0,0,0
742,M1kuya,15136.00,0,1,0,0
743,Kaze,15052.00,4,3,2,0
744,Dardoch,15000.00,0,1,2,0
745,Deokdam,14935.00,1,2,1,0
746,Lukezy,14929.00,2,5,1,0
747,Jjun,14925.00,3,1,1,0
748,Kaigu,14920.00,2,4,1,0
749,SeongHwan,14901.00,0,0,0,0
750,Nappon,14694.00,2,1,1,1
751,Mellisan,14690.00,3,0,1,1
752,Zin,14673.00,1,0,2,0
753,Ben4,14631.00,0,1,0,0
754,Luci,14619.00,2,3,1,0
755,XUN,14615.00,1,0,1,0
756,zs,14615.00,1,0,0,0
757,Captain,14615.00,1,0,0,0
758,Snow,14615.00,1,0,0,0
759,Tuesday,14590.00,2,3,1,0
760,Tgee,14520.00,2,4,1,0
761,MaHa,14519.00,0,1,0,0
762,Japone,14491.00,1,1,0,0
763,Hadess,14487.00,9,4,0,0
764,Ares,14468.00,2,0,0,0
765,Garvey,14369.00,0,1,0,0
766,Xioh,14342.00,1,5,3,0
767,Bolulu,14304.00,4,2,0,0
768,Dread,14233.00,1,0,1,0
769,Sharkk,14209.00,4,2,2,0
770,Viod,14152.00,1,0,0,0
771,Alive,14151.00,2,2,0,0
772,Enjawve,14151.00,2,2,3,0
773,yT,14138.00,0,3,0,0
774,Ryan,14137.00,1,2,1,0
775,Phantiks,14106.00,3,2,1,0
776,Jojo,14104.00,2,3,0,0
777,XiaoWeiXiao,14000.00,0,0,1,0
778,Big,14000.00,4,0,0,0
779,Kektz,13999.00,5,6,2,0
780,rhuckz,13982.00,3,5,0,1
781,Totoro,13951.00,1,0,0,0
782,Aun,13897.00,0,5,1,0
783,EGO,13876.00,1,1,0,0
784,Jett,13801.00,2,0,0,0
785,Razork,13702.00,1,6,0,0
786,Jinoo,13685.00,0,1,1,0
787,Gari,13670.00,5,2,1,0
787,Shrimp,13616.00,1,3,0,0
789,Hybrid,13580.00,1,1,2,1
790,Prosfair,13570.00,12,3,4,0
791,Venzer,13485.00,3,4,0,0
792,H0R0,13392.00,1,1,0,0
793,Doss,13320.00,2,6,2,0
794,Patoy,13300.00,0,1,0,0
795,Mojito,13296.00,4,0,1,2
796,Shiro,13217.00,3,3,0,0
797,HiRit,13204.00,3,0,0,0
798,Shikari,13197.00,13,3,1,0
799,mancloud,13050.00,0,0,2,0
800,Zuna,13050.00,0,0,2,0
801,Ronaldo,13006.00,8,3,2,0
802,Rock,12995.00,0,1,2,0
803,Violet,12893.00,0,0,1,0
804,Hatrixx,12890.00,2,2,1,0
805,REFRA1N,12886.00,1,1,1,0
806,Kabbie,12869.00,1,0,0,0
807,Fury,12862.00,0,0,1,0
808,BloodWater,12800.00,0,0,2,0
809,Violet,12788.00,1,1,0,0
810,Aladoric,12788.00,1,2,0,0
811,Meteor,12754.00,0,1,1,0
812,OnFleek,12713.00,0,2,1,0
813,Shady,12710.00,3,4,4,1
814,Lava,12695.00,0,0,0,0
815,Mightybear,12650.00,0,2,0,0
816,Narkuss,12625.00,3,2,2,0
817,Celebrity,12612.00,2,1,3,0
818,Nji,12524.00,9,3,0,0
819,esA,12504.00,3,7,2,1
820,Reapered,12489.00,2,0,0,0
821,Vasked,12485.00,4,3,0,0
822,Wos,12471.00,4,4,0,0
823,Flaresz,12458.00,2,0,2,0
824,DuDu,12447.00,0,0,1,0
825,Mitsuki,12442.00,2,0,0,0
826,Quas,12430.00,0,1,4,0
827,LIMIT,12428.00,1,0,0,0
828,Klowny,12428.00,3,2,2,0
829,Memento,12399.00,0,2,1,0
830,Yuekai,12394.00,0,1,0,0
831,Maoan,12388.00,0,1,0,0
832,Darlik,12372.00,7,1,1,0
833,Spooky,12324.00,4,0,0,0
834,Lucker,12315.00,4,1,1,0
835,Julien,12290.00,3,2,2,0
836,Anthrax,12281.00,6,3,0,0
837,OzoraVeki,12257.00,3,3,0,0
838,Chasy,12224.00,3,0,0,0
839,Renyu,12216.00,2,1,4,0
840,Avenger,12212.00,3,0,2,0
841,Vzz,12191.00,4,0,0,0
842,Aix,12190.00,2,1,0,0
843,Treatz,12184.00,1,4,3,0
844,viviD,12181.00,3,5,1,1
845,Value,12180.00,5,0,3,0
846,Selfie,12122.00,1,1,0,0
847,Ruin,12090.00,2,0,3,0
848,Hoon,12076.00,1,0,0,0
849,Yoshino,12057.00,3,0,0,0
850,Scarlet,12046.00,2,3,0,0
851,Guigo,12006.00,3,0,1,0
852,NIXWATER,12000.00,0,0,0,0
853,Diamond,12000.00,2,1,1,0
854,Cotopaco,11975.00,2,2,2,0
855,Josedeodo,11965.00,1,0,1,0
856,Erdote,11941.00,3,1,1,0
856,Secret,11903.00,0,1,2,0
858,Jelly,11894.00,1,0,0,0
859,Artifact,11841.00,0,1,2,0
860,DoeDoii,11805.00,4,2,0,0
861,Akaadian,11800.00,0,2,0,0
862,Atom,11752.00,1,6,2,0
863,Matsukaze,11749.00,2,5,0,0
864,Dove,11739.00,0,2,2,0
865,yoHan,11737.00,1,0,2,0
866,Vardags,11704.00,0,4,2,0
867,Decoy,11696.00,2,2,3,1
868,YutoriMoyasi,11685.00,4,3,4,1
869,Aegis,11674.00,3,0,0,0
870,Rich,11632.00,0,2,1,0
871,TraYtoN,11622.00,1,3,1,0
872,Hamez,11605.00,4,5,1,0
873,Ren,11571.00,1,2,0,0
874,Skash,11557.00,1,0,0,0
875,Haise,11536.00,0,1,0,0
876,Aloned,11482.00,1,1,0,0
877,Masterwork,11439.00,5,2,1,0
878,Arce,11412.00,3,0,2,0
879,Relic,11412.00,2,2,2,0
880,Brosak,11364.00,1,3,3,0
881,Karim kt,11325.00,1,3,1,0
882,SoaR,11312.00,0,3,2,0
883,Raes,11302.00,4,4,3,1
884,JayJ,11300.00,2,0,0,0
885,Grell,11282.00,0,5,1,0
886,Quixeth,11255.00,5,5,0,0
887,Yoppa,11246.00,2,2,2,0
888,Meight,11225.00,4,4,1,0
889,Pulsas,11191.00,2,1,1,0
890,Bono,11179.00,0,1,0,0
891,Kerberos,11132.00,7,4,5,0
892,Dumbledoge,11050.00,4,2,0,1
893,Wysek,11045.00,0,3,1,0
894,Obvious,11032.00,4,1,1,0
895,Four,11031.00,2,4,1,0
896,Altec,11000.00,0,1,1,0
897,Markoon,10962.00,2,2,0,0
898,DNK,10954.00,0,1,2,0
899,YoDa,10926.00,1,0,2,0
900,Isles,10850.00,2,3,0,0
901,Jezu,10811.00,1,0,2,0
902,Fragas,10800.00,1,0,0,0
903,Melonik,10781.00,1,0,1,0
904,Arthur,10763.00,0,1,1,0
905,Lonely,10708.00,1,0,2,0
906,Zergsting,10696.00,2,0,0,1
907,Secr3t,10666.00,0,1,0,0
908,Envyy,10642.00,2,0,1,0
909,Zzus,10621.00,2,0,1,1
910,Special,10610.00,5,7,1,0
911,CBL,10606.00,1,0,4,0
912,Luger,10563.00,2,2,3,0
913,Copy,10520.00,2,5,0,0
914,Yampi,10504.00,3,3,2,0
915,StarLast,10489.00,1,0,0,0
916,Yaharong,10486.00,0,1,0,0
917,Dragonminkim,10440.00,2,0,0,0
918,HeaQ,10421.00,0,1,1,0
919,Minit,10414.00,0,3,0,0
920,Kati,10371.00,3,2,0,0
921,Apollo,10340.00,1,1,2,0
922,SLT,10331.00,1,2,3,0
923,Doxa,10300.00,2,1,0,0
924,Youngjae,10297.00,1,0,2,0
925,Furuy,10283.00,4,4,5,0
926,Yeon,10270.00,5,3,1,0
927,Shoryu,10200.00,2,4,0,0
928,Alois,10190.00,7,2,0,0
929,Scarface,10184.00,1,3,1,0
930,Lies,10181.00,0,1,0,0
931,Cat,10181.00,0,1,0,0
932,Sinmivak,10152.00,3,0,3,0
933,Papa Chau,10150.00,0,2,1,0
934,MnM,10140.00,0,0,0,0
935,Bananitoo,10118.00,5,0,3,0
936,niQ,10102.00,1,2,1,0
937,Kruimel,10094.00,3,6,2,0
938,Jiekou,10078.00,1,0,1,1
939,Emp,10054.00,1,4,2,0
940,Hammock,10000.00,0,1,0,0
941,BunnyFuFuu,10000.00,0,2,0,0
942,GreenTea,10000.00,0,0,0,0
943,Breaker,9876.00,0,1,2,0
944,GodKwai,9872.00,1,1,0,0
945,Cepted,9805.00,1,1,1,0
946,Dom1nant,9792.00,4,4,0,0
947,mumus100,9767.00,1,5,3,0
948,Nikola,9756.00,4,2,1,0
949,Advienne,9752.00,1,1,0,0
950,Bravado,9750.00,4,1,2,0
951,Taikki,9693.00,0,3,3,0
952,KingJ,9676.00,0,1,2,0
953,Pooh,9667.00,0,1,0,0
954,MANTARRAYA,9613.00,2,0,0,0
955,MikeYeung,9600.00,3,2,0,1
956,behave,9519.00,3,4,1,0
957,Bruness,9502.00,2,1,2,0
958,Sorn,9499.00,0,1,3,0
959,Jwaow,9429.00,1,1,4,0
960,Khael,9375.00,2,0,1,0
961,Raven,9370.00,1,0,0,0
962,SuNo,9360.00,1,0,1,0
963,Czajek,9324.00,2,0,3,0
964,Godbro,9258.00,4,3,1,1
965,Griffin,9250.00,0,2,2,0
966,Mash,9250.00,1,2,0,0
967,xani,9242.00,1,2,1,0
968,Hieu3,9237.00,0,1,0,0
969,Wakz,9207.00,3,4,2,0
970,wuji,9195.00,1,2,2,0
971,Bie,9116.00,1,1,2,0
972,Lourlo,9100.00,1,0,0,0
973,Akabane,9076.00,1,0,1,0
974,DudsTheBoy,9057.00,3,0,3,0
975,Ceos,9057.00,3,0,3,0
976,Asper,9026.00,2,0,1,0
977,Prismal,9000.00,3,2,1,0
978,Cariok,8956.00,2,2,1,0
979,Rakyz,8932.00,0,5,0,0
980,Nightmares,8856.00,3,8,2,0
981,Von,8853.00,2,2,1,0
982,OddOrange,8830.00,1,3,2,0
983,Plasma,8807.00,4,0,1,0
984,Dara,8781.00,6,4,0,1
985,Ggamza,8778.00,4,1,0,0
986,Tussle,8777.00,4,4,2,1
987,Delitto,8769.00,3,2,0,0
988,NoFe,8765.00,0,0,0,0
989,DREAMPYLLA,8758.00,1,3,0,0
990,ppgod,8736.00,0,0,1,0
991,Grevthar,8726.00,1,0,0,0
992,CozQ,8724.00,1,2,0,0
993,Ohq,8721.00,0,0,0,0
994,Jester,8717.00,1,2,3,0
995,Ophelia,8702.00,1,1,1,0
996,beansu,8701.00,2,4,2,0
997,HolyPhoenix,8698.00,6,1,0,0
998,Pyrka,8694.00,2,0,4,0
999,Stefan,8683.00,2,2,0,0
1000,Touch,8666.00,5,0,2,0
1001,Paris,8628.00,3,1,2,0
1002,Kroghsen,8612.00,11,2,4,0
1003,Shiganari,8590.00,0,3,0,0
1004,Pancake,8559.00,1,1,1,0
1005,Parang,8555.00,1,1,1,0
1006,Praedyth,8500.00,1,1,0,0
1007,Pabu,8500.00,1,3,0,0
1008,Chazz,8500.00,1,1,0,0
1009,Drobovik123,8469.00,0,2,1,0
1010,Chapapi,8452.00,8,2,0,0
1011,Dice,8435.00,1,0,1,0
1012,WeiZor,8407.00,2,1,1,0
1013,XinMo,8406.00,1,0,0,0
1014,Route,8355.00,0,0,1,0
1015,Makler,8350.00,1,0,1,0
1016,Wolfe,8330.00,1,1,3,0
1017,Bloody,8301.00,4,2,2,0
1018,Rainbow,8283.00,1,0,1,0
1019,Dreamer Ace,8279.00,0,3,0,0
1020,Blazes,8271.00,1,1,3,0
1021,Kindless,8270.00,2,3,2,0
1022,Fox,8250.00,1,2,0,0
1023,Mills,8216.00,2,1,0,0
1024,Nerroh,8180.00,2,7,0,0
1025,TasteLess,8152.00,3,4,0,0
1026,Sharp,8090.00,3,0,3,0
1027,EvanRL,8050.00,1,2,3,0
1028,Stunt,8000.00,1,0,1,0
1029,Blossom,7996.00,1,0,0,0
1030,Kadir,7995.00,0,3,1,0
1031,k0u,7995.00,3,3,1,0
1032,Katare,7974.00,3,2,0,0
1033,Mireu,7957.00,1,0,0,0
1034,EdinPriqtel,7892.00,2,0,1,0
1035,Spirax,7830.00,2,2,2,0
1036,RoseThorn,7800.00,2,1,2,0
1037,Plox,7788.00,1,4,2,0
1038,Ashanome,7776.00,3,5,1,0
1039,QQmore,7774.00,0,3,2,0
1040,Unho1y,7761.00,1,2,0,0
1041,Elwind,7734.00,2,0,2,2
1042,Madness,7734.00,2,0,1,2
1043,Sedrion,7695.00,0,2,2,0
1044,Creaton,7680.00,1,0,0,0
1045,Dajor,7596.00,0,2,0,0
1046,Zvene,7579.00,2,1,1,0
1046,TheRainMan,7540.00,1,1,2,0
1048,Fitz,7384.00,0,1,1,0
1049,Vince,7312.00,5,2,0,0
1050,Dhokla,7275.00,3,2,2,0
1051,LukasNegro,7192.00,1,5,0,0
1052,Tiger,7151.00,4,1,1,0
1053,Berserker,7128.00,3,1,0,0
1054,CaD,7094.00,0,1,0,0
1055,Yunbee,7080.00,2,1,1,0
1056,QUICKTIMER,7056.00,2,2,0,0
1057,Divkid,7037.00,0,0,3,0
1058,Dreedy,7036.00,2,3,1,0
1059,Matt,7000.00,0,1,0,0
1060,Clozer,6987.00,0,0,0,0
1061,Frappii,6983.00,2,4,0,0
1062,Catch,6938.00,2,1,0,0
1063,Aku,6921.00,3,7,2,0
1064,kubYD,6918.00,3,0,1,0
1065,Baula,6916.00,1,5,0,0
1066,IlllIma,6895.00,4,1,0,0
1067,Mocha,6893.00,1,0,0,1
1068,Pake,6883.00,0,1,2,0
1069,Zhergoth,6883.00,3,4,0,0
1070,Turtle,6877.00,1,1,1,0
1071,Chieftain,6874.00,0,1,0,0
1072,MoMa,6860.00,0,1,0,0
1073,Swip3rR,6852.00,3,7,1,1
1074,Archie2B,6842.00,0,1,1,0
1075,Woody,6814.00,0,0,2,0
1076,Exakick,6812.00,0,1,1,0
1077,Erry,6800.00,1,1,1,0
1078,fNb,6798.00,2,3,0,0
1079,Krastymel,6797.00,2,2,2,0
1080,Raqo,6762.00,5,5,2,0
1081,Shinsekai,6759.00,1,0,0,0
1082,Juhan,6757.00,0,1,2,0
1083,Goose,6738.00,5,6,1,0
1084,Albetrayber,6714.00,6,5,3,0
1085,Leo,6713.00,0,1,0,0
1086,Brandini,6700.00,3,2,0,0
1087,Afflict,6692.00,2,0,0,0
1088,Hasmed,6660.00,0,1,1,0
1089,Khantos,6653.00,0,2,0,0
1089,Color,6645.00,2,0,0,0
1089,Damage,6632.00,1,3,1,0
1092,Nova,6609.00,0,0,1,0
1093,Jree,6500.00,1,0,2,0
1094,Rueven,6497.00,1,0,1,0
1095,Cookie,6486.00,1,3,0,0
1096,Mia,6477.00,0,1,0,0
1097,Dimonko,6476.00,0,2,1,0
1098,HyBriD,6472.00,0,0,1,0
1099,UDYSOF,6450.00,1,0,0,0
1100,Cboi,6437.00,4,4,1,0
1100,Professor,6358.00,0,2,2,0
1100,Winston,6340.00,4,3,2,0
1103,Wardain,6325.00,0,2,1,0
1104,Roison,6322.00,0,5,3,0
1105,Sks,6321.00,0,0,0,0
1106,Raven,6304.00,0,1,0,0
1107,Kamilius,6272.00,3,1,1,0
1108,Tenacity,6220.00,2,1,3,0
1109,Kenvi,6220.00,2,1,3,0
1110,Enso,6218.00,0,0,1,0
1111,Frozen,6210.00,6,1,0,0
1112,Palafox,6200.00,3,1,0,0
1113,SOUPerior,6200.00,1,1,0,0
1114,Care,6196.00,0,1,0,0
1115,Angush,6180.00,0,0,1,0
1116,Niles,6180.00,1,1,4,0
1117,DuaLL,6175.00,1,1,0,0
1118,Ippon,6124.00,0,2,2,0
1119,Rogue,6114.00,2,0,2,0
1120,Shiphtur,6100.00,0,2,0,0
1121,Crystal,6088.00,2,2,1,0
1122,Bruno,6082.00,1,0,0,0
1123,Jauny,6080.00,4,1,1,0
1124,twohoyrz,6054.00,1,0,1,0
1125,BocaJR,6045.00,2,0,1,0
1126,Haeri,6000.00,2,3,0,0
1127,Eyla,6000.00,3,3,1,0
1128,Chad,6000.00,1,0,2,0
1129,OmarGod,6000.00,0,1,1,0
1130,Keane,6000.00,1,0,0,0
1131,Motive,5974.00,0,0,2,0
1132,Wink,5973.00,0,0,0,0
1133,Joker,5945.00,0,1,2,0
1134,Rod,5932.00,1,4,0,0
1135,Nxi,5920.00,3,3,0,0
1136,Gango,5913.00,0,1,2,0
1137,Nolan,5893.00,4,1,0,0
1138,Seelame,5889.00,3,3,2,0
1139,Navio,5888.00,0,1,1,0
1140,Xaky,5887.00,5,3,1,0
1141,Martin,5883.00,0,0,0,0
1142,Ritix,5864.00,1,1,0,0
1143,M1anhua,5862.00,0,3,0,0
1144,fearness,5862.00,0,1,0,0
1145,Wings,5862.00,0,1,0,0
1146,Soligo,5860.00,3,0,0,0
1147,Crush,5833.00,2,0,0,0
1148,LeX,5832.00,0,2,1,0
1149,KronG,5832.00,0,1,0,0
1150,Weiwei,5805.00,0,0,0,0
1151,Biubiu,5805.00,0,0,0,0
1152,Samd,5805.00,0,0,0,0
1153,SOLKA,5793.00,0,0,1,0
1154,Zoiren,5786.00,4,2,0,0
1155,Argonavt,5786.00,1,0,0,0
1156,Saviour,5731.00,5,4,0,0
1157,Astarore,5725.00,3,1,0,0
1158,Teacherma,5664.00,0,0,0,0
1159,Xzz,5661.00,0,1,1,0
1160,hyrqBot,5650.00,1,0,1,0
1161,EnvyCarry,5608.00,1,0,0,0
1162,Maestro,5604.00,0,0,0,0
1163,Fenfen,5604.00,0,0,0,0
1164,Husky,5600.00,0,2,0,0
1165,Nille,5595.00,1,1,2,0
1166,Ruby,5593.00,0,2,0,0
1167,Claire,5588.00,1,3,8,1
1168,SkyBart,5558.00,0,5,2,0
1169,Noltey,5554.00,0,4,7,0
1170,Pride,5544.00,0,2,0,0
1171,Petland,5535.00,1,2,0,0
1172,Freire,5523.00,2,0,1,0
1173,Saulius,5510.00,1,4,1,0
1174,aesthetic,5507.00,1,1,2,0
1175,Inition,5475.00,1,2,0,0
1176,Krakmo,5467.00,1,4,1,0
1177,MrRalleZ,5464.00,0,0,2,0
1178,MarioMe,5461.00,2,0,1,0
1179,Seize,5430.00,0,1,0,0
1180,Bay,5410.00,0,1,1,0
1181,Odi11,5401.00,1,0,1,0
1182,007x,5400.00,1,0,0,0
1183,Disave,5340.00,1,0,1,0
1184,Prime,5322.00,4,2,0,0
1185,Bonnie,5311.00,2,0,1,0
1186,Kerp,5301.00,1,0,1,0
1187,Ruvelius,5296.00,2,0,1,1
1187,Baca,5277.00,1,1,0,0
1187,Xico,5266.00,2,2,1,0
1190,Ryuzaki,5260.00,1,3,2,0
1191,Own3r,5236.00,3,4,0,0
1192,xTyLk,5227.00,1,3,0,0
1193,Priskornet,5197.00,2,2,1,0
1194,FATE,5183.00,0,0,2,0
1195,Anyyy,5178.00,1,0,1,0
1196,NoXiAK,5156.00,0,0,2,0
1196,komedyja,5144.00,2,1,0,0
1198,ActScene,5142.00,0,0,0,0
1199,Zuao,5134.00,1,0,4,0
1200,MightyDragon,5133.00,1,2,0,0
1201,Hauz,5128.00,3,0,0,0
1202,Rafitta,5125.00,1,1,0,0
1203,Nestea,5113.00,0,0,1,0
1204,Mersa,5112.00,2,0,0,0
1205,xKenzuke,5112.00,1,0,0,0
1206,Luskka,5095.00,1,1,0,0
1207,InTreso,5068.00,2,2,0,0
1208,FUN k3y,5061.00,0,2,1,0
1209,Baiano,5059.00,0,1,1,0
1210,Atlanta,5020.00,2,0,0,0
1211,Bradley,5000.00,3,1,0,0
1212,Halo,5000.00,2,2,0,0
1213,TopLop,5000.00,2,1,1,0
1214,Apii,5000.00,1,1,0,0
1215,Keshi,4994.00,0,1,0,0
1216,Fanatiik,4982.00,1,3,2,0
1217,FireRain,4980.00,0,0,1,0
1218,Aoshi,4947.00,0,1,2,0
1219,Victory,4932.00,0,0,0,0
1220,Quinncidence,4925.00,2,1,0,0
1221,Nemky,4921.00,0,2,0,0
1222,Munckizz,4914.00,4,4,4,0
1223,Marrow Ooze,4903.00,7,2,1,0
1224,Erixen,4893.00,3,0,1,0
1225,Unknown,4879.00,2,3,2,0
1226,JaVaaa,4879.00,1,1,0,0
1227,Archeny,4831.00,1,1,2,0
1228,Zeus,4811.00,1,1,0,0
1229,Defles,4806.00,0,2,1,0
1230,Rodov,4800.00,3,2,1,0
1231,JimieN,4800.00,0,0,1,0
1232,Slyv3r,4796.00,3,4,2,0
1233,LL,4795.00,0,1,0,0
1234,XoNix,4785.00,0,0,1,0
1235,Emtest,4774.00,0,2,0,0
1236,Croco,4768.00,0,0,1,0
1237,Tutsz,4761.00,1,0,0,0
1238,ImSoFresh,4758.00,0,1,0,0
1239,Mimic,4757.00,2,0,1,0
1240,Reje,4743.00,3,3,0,0
1241,S0NSTAR,4740.00,0,0,0,0
1242,Eren,4714.00,1,4,0,0
1243,Haydal,4707.00,2,5,0,0
1244,Poulsen,4677.00,1,1,0,0
1245,Rifty,4667.00,2,4,2,0
1246,Kabe,4664.00,0,1,0,0
1247,Phantomles,4653.00,3,1,0,0
1248,Afm,4651.00,2,2,1,0
1249,Akunma,4640.00,1,4,0,0
1250,yijie,4618.00,0,1,1,0
1251,ACD,4616.00,2,1,1,0
1252,Cl0x,4608.00,0,4,2,0
1253,Sephis,4597.00,2,0,0,0
1254,Reven,4589.00,1,0,0,0
1255,Mask,4578.00,0,1,0,0
1256,Skude,4573.00,5,4,0,0
1257,Youdang,4571.00,1,2,0,0
1258,ZWuJi,4571.00,0,1,0,0
1259,ping,4532.00,0,1,0,0
1260,Tioo,4522.00,1,2,2,0
1261,Rulfchen,4470.00,3,1,0,0
1262,Locodoco,4470.00,0,0,0,0
1263,JinO,4458.00,1,0,0,0
1264,Kakan,4455.00,4,1,2,0
1265,Topoon,4450.00,3,0,0,0
1266,Hadow,4435.00,4,6,3,0
1267,Azure,4434.00,0,2,0,0
1268,Flaxxish,4418.00,1,3,0,0
1269,xCharm,4404.00,0,2,0,0
1270,Cabu,4396.00,1,0,3,0
1271,Myw,4396.00,1,1,1,0
1272,Guubi,4369.00,1,3,1,0
1273,Raise,4368.00,1,0,1,0
1274,Wayne,4358.00,0,1,0,0
1275,rjs,4351.00,1,0,0,0
1276,Kine,4347.00,0,2,0,0
1277,LaFleur,4345.00,6,1,0,0
1278,Rakin,4338.00,0,1,1,0
1279,Aoi Haru,4337.00,1,0,0,0
1280,Once,4329.00,1,0,2,0
1281,StenBosse,4328.00,3,2,0,0
1282,Night,4320.00,4,5,0,0
1283,pbO,4315.00,2,2,1,0
1284,Kuma,4299.00,0,0,1,0
1285,Yado,4254.00,0,0,0,0
1286,Kehvo,4242.00,0,4,1,0
1287,Shiny,4240.00,2,0,1,0
1287,Garo,4239.00,1,1,2,0
1289,Eckas,4234.00,3,1,0,0
1290,Holo,4233.00,0,0,2,0
1291,DenVoksne,4211.00,1,1,2,0
1292,Kynetic,4206.00,0,2,2,0
1293,Mirror,4201.00,1,3,0,0
1294,Mexi,4189.00,1,1,0,0
1295,Fraid,4167.00,1,3,1,0
1296,Random,4144.00,5,1,0,0
1297,Achuu,4137.00,2,1,2,0
1298,Zytan,4134.00,3,1,1,0
1299,Citrus,4125.00,0,1,0,0
1300,Artemis,4120.00,0,1,1,0
1301,Style,4109.00,1,0,0,0
1302,Jatt,4100.00,1,0,2,0
1303,Moo,4093.00,0,2,0,0
1304,Tuomari,4077.00,2,3,3,0
1305,Nobody,4063.00,0,1,0,0
1306,Kronos,4063.00,1,2,0,0
1307,Kackos,4062.00,0,2,1,0
1308,Tifa,4035.00,1,3,0,0
1309,Kyanna,4035.00,1,3,0,0
1310,Pirean,4031.00,0,1,1,0
1311,Zeicro,4027.00,1,2,1,0
1312,Cover,4023.00,0,0,1,0
1313,Benji,4000.00,0,0,1,0
1314,Hakuho,4000.00,0,0,1,0
1315,Moon,4000.00,0,0,0,0
1316,Bull,3997.00,0,2,0,0
1317,Froststrike,3995.00,1,3,0,0
1318,whiteinn,3994.00,1,2,0,0
1319,Eimy,3984.00,0,0,1,0
1320,PCL,3978.00,1,4,3,0
1321,Dreamsu,3975.00,1,1,1,0
1322,Lucky,3950.00,1,0,0,0
1323,Zica,3928.00,0,0,0,0
1324,Wizer,3928.00,0,0,1,0
1325,Efias,3915.00,2,2,0,0
1326,Vicla,3903.00,2,0,0,0
1327,Tony Top,3900.00,0,2,0,0
1328,TH,3898.00,0,0,2,0
1329,Bullet,3885.00,1,1,2,0
1330,Spawn,3880.00,1,0,0,0
1331,Spot,3879.00,0,0,2,0
1332,AlternativeX,3874.00,3,2,1,0
1333,Hantera,3863.00,1,1,0,0
1334,J0J0C,3858.00,3,1,1,0
1335,Dommmy,3852.00,2,2,1,0
1336,Calm,3845.00,0,1,2,0
1337,Gear,3842.00,0,0,0,0
1338,Kit,3841.00,0,1,0,0
1339,Raxhy,3836.00,1,1,2,0
1340,Robba,3824.00,3,2,1,0
1341,Lvsyan,3805.00,1,0,0,0
1342,LynX,3803.00,2,0,0,0
1343,Brom,3803.00,0,0,0,0
1344,Tomo,3800.00,2,1,0,0
1345,Nyu,3797.00,2,0,2,0
1346,Grisen,3796.00,2,2,1,0
1347,Mytheos,3788.00,2,4,3,0
1348,AndyBendy,3779.00,2,4,3,0
1349,Yuri,3774.00,0,1,0,0
1350,Energy,3769.00,4,1,1,0
1351,Leon,3754.00,0,2,1,0
1352,Oscarinin,3736.00,0,2,0,0
1353,APA,3732.00,0,3,2,0
1354,Kiefer,3731.00,1,1,1,0
1355,Hiro,3727.00,0,0,0,0
1356,Click,3695.00,3,2,0,0
1356,Sebs,3691.00,4,5,2,0
1358,Kartis,3674.00,1,0,0,0
1359,IceBreaker,3672.00,2,1,1,0
1360,Engo,3660.00,1,0,1,0
1361,Spookz,3656.00,2,4,1,0
1362,Swiffer,3656.00,2,4,1,0
1363,BuLLDoG,3629.00,0,2,0,0
1364,Zwyroo,3627.00,0,1,3,0
1365,Decay,3614.00,1,2,2,0
1366,viNylCat,3610.00,0,0,0,0
1367,Tiara,3591.00,2,2,0,0
1368,Yusa,3587.00,4,3,7,0
1369,Only,3581.00,2,3,3,1
1370,Baut,3568.00,0,1,0,0
1371,Riss,3568.00,0,1,0,0
1372,Cheoni,3568.00,0,1,0,0
1373,RoyalKanin,3565.00,1,0,0,0
1374,Sarkis,3562.00,2,0,0,0
1375,Taurus,3531.00,0,0,1,0
1376,Hy?rai,3521.00,0,4,0,0
1377,PaSa,3519.00,0,2,0,0
1378,DinTer,3514.00,0,0,0,0
1379,ottovaG,3512.00,7,0,1,0
1380,Will,3500.00,1,0,0,0
1381,Adept,3492.00,1,0,1,0
1382,HungryPanda,3490.00,2,0,1,0
1383,Choisix,3478.00,1,2,1,0
1384,SadJesteRRR,3476.00,0,0,0,0
1385,Only35,3470.00,2,1,0,0
1386,Coated,3457.00,0,0,1,0
1387,Storm,3452.00,0,1,0,0
1388,Valkyrie,3452.00,0,1,0,0
1389,Viking,3437.00,1,0,0,0
1390,UNF0RGIVEN,3431.00,1,0,0,0
1391,Madly,3420.00,1,1,1,0
1392,CheonGo,3410.00,0,0,0,0
1393,Miniduke,3409.00,2,1,1,0
1394,Darker,3400.00,0,0,2,0
1395,Likai,3400.00,0,0,1,0
1396,Hyoga,3384.00,1,0,1,0
1397,Lamabear,3362.00,1,0,0,0
1398,Seraph,3356.00,0,0,1,0
1399,Array,3340.00,3,1,2,0
1400,Kadaver,3329.00,6,1,1,0
1401,BULBAZABP,3320.00,0,1,0,0
1402,goldento4st,3311.00,1,1,0,0
1403,Azhi,3300.00,0,0,0,0
1404,Malunoo,3300.00,0,0,1,0
1405,Minji,3300.00,0,0,0,0
1406,extinkt,3300.00,0,0,1,0
1407,K2,3300.00,0,0,0,0
1408,Yursan,3300.00,0,0,2,0
1409,Bardo,3276.00,2,1,2,0
1410,Hawk,3270.00,1,0,0,0
1411,Akeno,3261.00,0,0,0,0
1412,Rebel,3257.00,1,0,0,0
1413,Wiz,3254.00,1,0,0,0
1414,Glebo,3245.00,0,0,1,0
1415,Lmzs,3244.00,1,0,0,0
1416,Wondro,3239.00,3,2,0,0
1417,Charger,3236.00,0,0,0,0
1418,Neo,3232.00,2,0,1,1
1419,Optimas,3222.00,1,1,0,0
1420,Mist,3220.00,1,1,1,0
1421,Srtty,3220.00,1,1,1,0
1422,Aspect,3220.00,1,1,1,0
1423,Danny,3220.00,1,1,1,0
1424,Tomio,3220.00,1,2,1,0
1425,Destroy,3217.00,0,0,2,0
1426,Mikkel,3214.00,2,1,2,0
1427,SkuLL,3212.00,1,0,0,0
1428,Boomin,3206.00,2,3,0,0
1429,Raid,3196.00,1,0,2,1
1430,Impaler,3191.00,0,2,0,0
1431,Hena,3186.00,0,0,0,0
1432,Tear,3183.00,0,0,2,0
1433,dibu,3181.00,3,0,0,0
1434,Dawn,3179.00,1,0,0,0
1435,hammann,3175.00,0,1,0,0
1436,Lilipp,3173.00,0,0,1,0
1437,ItsCortez,3169.00,0,0,0,0
1438,Cospect,3164.00,5,0,0,0
1439,Tak,3133.00,0,1,2,0
1440,Epic,3121.00,0,0,0,0
1441,ChosenOne,3083.00,3,0,0,0
1442,WouLou,3070.00,2,0,2,0
1443,Zamulek,3056.00,0,2,0,0
1444,Nipphu,3053.00,3,1,1,0
1445,Kryze,3051.00,1,2,0,0
1446,WildHeart,3031.00,0,0,1,0
1447,Ripi,3029.00,3,1,0,0
1448,bucu,3029.00,0,1,1,0
1449,Froggy,3027.00,0,1,0,0
1450,Kashtelan,3025.00,0,2,2,0
1451,Genza,3023.00,0,1,0,0
1452,Saju,3019.00,1,3,1,0
1453,Laba,3018.00,0,1,1,0
1454,Chelly,3007.00,0,0,1,0
1455,Jojopyun,3000.00,0,1,0,0
1456,Hard,3000.00,0,1,0,0
1457,Fill,3000.00,0,1,0,0
1458,Chime,3000.00,2,0,0,0
1459,Blaze,3000.00,0,1,0,0
1460,Klaus,2984.00,0,2,0,0
1461,styllEE,2954.00,1,2,0,0
1462,Koldo,2941.00,0,0,0,0
1463,Turanaga,2936.00,1,0,0,0
1464,LUBEEENZZZ,2936.00,1,0,0,0
1465,Monk,2927.00,2,4,5,0
1466,Prodigy,2923.00,1,2,1,0
1467,NOsFerus,2913.00,1,1,0,0
1468,Arashi,2908.00,0,1,1,0
1469,Wing,2900.00,0,0,0,0
1470,Nausicaa,2900.00,1,0,0,0
1471,Sheo,2888.00,0,2,2,0
1472,Dragane,2865.00,1,3,0,0
1473,FlayStation,2860.00,1,1,1,0
1474,JeongHoon,2857.00,1,0,0,0
1475,Hoya,2850.00,0,0,0,0
1476,Jisoo,2823.00,0,1,0,0
1477,Sof,2813.00,1,0,1,0
1478,Pun1sher,2810.00,0,4,1,0
1479,ForellenLord,2801.00,0,0,1,0
1480,Ablazeolive,2800.00,1,0,1,0
1481,Dragdar,2795.00,0,0,2,0
1482,t4nky,2756.00,0,0,2,0
1483,NUCLEARINT,2745.00,0,1,2,0
1484,Fresskowy,2728.00,0,2,0,0
1485,LeChase,2719.00,2,2,0,0
1486,BroCColi,2700.00,0,0,1,0
1487,KiWiKiD,2700.00,0,0,0,0
1488,Erasus,2698.00,1,0,0,0
1489,Orre,2696.00,2,2,0,0
1490,Hinn,2692.00,0,0,1,0
1491,Mong,2668.00,0,0,0,0
1492,Dragflick,2660.00,1,2,1,0
1493,Zenit,2657.00,0,0,0,0
1494,Phoenix,2649.00,3,0,1,0
1495,Griffon,2645.00,0,2,0,0
1496,Aslan,2637.00,0,1,1,0
1497,Evrot,2634.00,0,1,0,0
1498,2188,2630.00,0,0,0,0
1499,RD,2629.00,0,0,1,0
1500,Fomko,2569.00,0,0,1,0
1501,Tide,2563.00,6,3,0,0
1502,AnOnPsyCkO,2556.00,1,0,0,0
1503,Kenapil,2548.00,0,4,3,0
1504,Truklax,2545.00,2,4,0,0
1505,KazeTAR,2534.00,2,1,1,0
1506,Kuri,2526.00,0,0,0,0
1507,Maxim,2520.00,1,0,0,0
1508,Domas,2517.00,2,1,1,0
1509,Balkhan,2512.00,1,0,0,0
1510,Arnax,2505.00,1,1,0,0
1511,Paolocannone,2500.00,0,0,2,0
1512,DarkSide,2480.00,0,1,0,0
1513,EGym,2460.00,1,4,0,0
1514,Praelus,2459.00,1,0,0,0
1515,Bisbo,2456.00,1,0,0,0
1516,Yoon,2450.00,0,1,0,0
1517,Ic0nic,2450.00,2,1,2,0
1518,Xavieles,2448.00,1,2,1,0
1519,Pepiinero,2443.00,1,0,0,0
1520,JF,2433.00,0,1,0,0
1521,Wojtu?,2421.00,1,0,0,0
1522,Urban,2411.00,2,1,0,0
1523,ShLaYa,2409.00,0,0,0,0
1524,Lautemortis,2400.00,0,0,0,0
1525,Daption,2400.00,4,0,0,0
1526,Yusin,2399.00,0,0,1,0
1527,InKos,2390.00,1,1,1,0
1528,NooB,2387.00,5,2,1,0
1529,LeQu,2384.00,0,2,0,0
1530,Supa,2383.00,0,2,0,0
1531,Leodaras,2381.00,2,0,0,0
1532,Allorim,2378.00,0,2,1,0
1533,Rybson,2377.00,0,1,2,0
1534,CaiPi,2373.00,1,0,0,0
1535,Benaset,2368.00,8,1,0,0
1536,Gagai,2367.00,1,2,0,0
1537,Canee,2360.00,0,0,0,0
1538,Mirbs,2359.00,1,0,2,0
1539,Stepan,2355.00,0,1,0,0
1540,Majd,2344.00,2,0,0,0
1541,DnDn,2343.00,0,1,2,0
1542,Sylvie,2343.00,0,1,2,0
1543,FIESTA,2343.00,0,1,2,0
1544,Practice,2315.00,3,1,0,0
1545,Jiangqiao,2308.00,0,0,1,0
1546,Trigo,2297.00,1,1,0,0
1546,Hiro,2287.00,3,1,1,0
1548,Tulz,2287.00,1,1,1,0
1549,Fallen,2282.00,2,0,1,0
1550,FatMamma,2280.00,0,0,0,0
1551,Kxng,2267.00,1,0,0,0
1552,zty,2266.00,2,1,0,0
1553,Keysie,2252.00,1,0,0,0
1554,Keine,2237.00,0,0,0,0
1555,Anechek,2225.00,0,0,0,0
1556,Chris,2223.00,0,3,0,0
1557,Joekie,2218.00,1,4,1,0
1558,Potter,2213.00,1,1,2,0
1559,Skeden,2210.00,1,2,0,0
1560,Noah,2201.00,1,0,0,0
1561,Sevenarmy,2201.00,0,0,0,0
1562,Castle,2201.00,1,0,0,0
1563,Duoking,2200.00,1,3,0,0
1564,Evolved,2200.00,1,2,0,0
1565,Giyuu,2200.00,0,2,0,0
1566,Mewkyo,2197.00,1,0,0,0
1567,Namex,2191.00,0,5,0,0
1568,Kanji,2187.00,0,0,2,0
1569,Cdric,2171.00,0,1,0,0
1570,Rufus,2170.00,3,1,1,0
1571,Twiizt,2155.00,2,2,2,0
1572,Kiari,2154.00,0,1,0,0
1573,Strompest,2150.00,3,2,2,0
1574,Sardoche,2137.00,0,1,1,0
1575,Zhandia,2131.00,1,1,1,0
1576,Bako,2120.00,0,3,0,0
1577,Swordd,2100.00,0,0,1,0
1578,Clear,2090.00,0,1,0,0
1579,Gimliques,2088.00,0,0,0,0
1580,Tatuy,2087.00,2,0,2,0
1581,Lebron,2080.00,0,3,0,0
1582,Sawyor,2064.00,1,2,0,0
1583,Mihai,2053.00,1,0,0,0
1584,Rocklho,2049.00,1,1,0,0
1585,Baba,2047.00,1,2,1,0
1586,Duclou,2045.00,0,0,0,0
1587,Qwacker,2035.00,1,2,0,0
1588,Yashiro,2034.00,1,1,1,0
1589,Art,2034.00,1,0,1,0
1589,svns,2027.00,1,0,0,0
1589,Lenny,2022.00,2,0,2,0
1592,D4nKa,2017.00,0,0,0,0
1593,Sidnik,2015.00,0,0,0,0
1594,Hollow,2010.00,0,2,1,0
1595,Zikz,2000.00,0,0,0,0
1596,Kevy,2000.00,0,2,0,0
1597,Gate,2000.00,0,0,1,0
1598,Thien,2000.00,1,1,2,0
1599,wingsofdeathx,2000.00,0,0,0,0
1600,TF Blade,2000.00,1,1,0,0
1600,Keel,2000.00,1,0,0,0
1600,Driver,2000.00,0,0,0,0
1603,FakeGod,2000.00,1,0,0,0
1604,Katsurii,2000.00,1,0,2,0
1605,Snurmi,1995.00,2,0,0,0
1606,Michlit,1981.00,2,0,0,0
1607,Noodle,1981.00,2,0,0,0
1608,Mindrago,1981.00,2,0,0,0
1609,MoonBlack,1973.00,0,0,0,0
1610,Seffe,1964.00,0,0,1,0
1611,Kuroko,1962.00,0,0,0,0
1612,Sybol,1954.00,0,2,1,0
1613,Dambaj,1950.00,0,0,1,0
1614,Shmebulock,1946.00,1,0,0,0
1615,Baloo,1935.00,1,0,1,0
1616,Migab,1931.00,6,0,0,0
1617,Reborn,1929.00,2,2,0,0
1618,HyoJun,1929.00,2,2,0,0
1619,Czypsy,1906.00,0,0,2,0
1620,Azitor,1901.00,2,3,1,0
1621,Yameru,1901.00,1,3,1,0
1622,Zelt,1895.00,4,2,1,0
1623,Agentas,1894.00,1,2,1,0
1624,E?cik,1888.00,0,2,0,0
1625,Marky,1878.00,0,0,0,0
1626,113,1878.00,2,0,0,0
1627,Piter Pokir,1875.00,0,0,0,0
1628,Justice,1870.00,0,0,0,0
1629,Dragon,1867.00,1,0,0,0
1630,DrMatt,1862.00,1,0,0,0
1631,Arrietty,1862.00,1,1,0,0
1632,Bean J,1862.00,1,1,0,0
1633,Demon,1862.00,1,0,0,0
1634,Taki,1862.00,1,1,0,0
1635,Morsu,1862.00,0,1,0,0
1636,Brizz,1862.00,1,2,0,0
1637,Poeza,1856.00,1,0,0,0
1638,Wind,1856.00,0,0,0,0
1639,Selfway,1855.00,0,1,2,0
1640,Tyrin,1847.00,0,1,1,0
1641,ST3PZ,1847.00,0,2,1,0
1642,Robocop,1843.00,2,1,0,0
1643,bydeki,1843.00,0,0,1,0
1644,Jkalam,1842.00,2,1,1,0
1645,GIDEON,1842.00,0,0,0,0
1646,Diablo,1836.00,1,3,0,0
1647,Acerola,1835.00,1,2,1,0
1648,Bushy,1823.00,3,0,0,0
1649,Aquasonic,1812.00,4,0,0,0
1650,Lynkez,1808.00,0,1,0,0
1651,JeppeHou,1804.00,2,3,0,0
1652,B1ven,1800.00,0,0,0,0
1653,Hoiz,1788.00,0,0,2,0
1654,Blue,1785.00,2,1,0,0
1655,PiOk,1781.00,1,4,0,0
1656,Eyliph,1780.00,0,1,0,0
1657,Clever,1779.00,0,0,0,0
1658,Nisbeth,1767.00,1,0,0,0
1659,Airwaks,1766.00,1,1,0,0
1660,Steve,1760.00,0,0,1,0
1661,BAO,1753.00,2,0,0,0
1662,Lindgarde,1753.00,0,1,0,0
1663,Becca,1753.00,2,0,0,0
1664,Proud,1753.00,0,0,0,0
1665,Moham,1752.00,2,1,0,0
1666,Lodi,1752.00,2,1,0,0
1667,BreadMan,1752.00,2,1,0,0
1668,DrChaos,1750.00,1,1,0,0
1669,Uloper,1748.00,1,0,0,0
1670,Shogun,1742.00,0,3,6,0
1671,Raxon,1736.00,0,4,1,0
1672,Gabbo,1733.00,2,2,0,0
1673,Cozy,1730.00,3,2,0,0
1674,Vital,1726.00,0,1,1,0
1675,LOCKIE,1720.00,1,0,1,0
1676,Lumerion,1712.00,1,2,0,0
1677,St1ng,1712.00,0,0,1,0
1678,Links,1700.00,2,0,0,0
1679,Gorica,1692.00,0,2,1,0
1680,Outlandisch,1688.00,0,2,0,0
1681,Siler,1679.00,0,0,0,0
1682,Lastwolf,1671.00,1,1,1,0
1683,5Kid,1671.00,0,0,0,0
1684,Arin,1664.00,0,0,0,0
1685,bit1,1664.00,0,0,0,0
1686,Xypherz,1663.00,0,0,0,0
1687,Air,1651.00,1,1,0,0
1687,Matty,1650.00,3,0,1,0
1687,Dinoricar,1635.00,1,1,0,0
1690,Slayer,1632.00,5,3,0,0
1691,Mayhem,1626.00,0,1,0,0
1692,Nikolex,1621.00,0,1,1,0
1693,Manaty,1613.00,1,0,0,0
1694,euna,1601.00,2,0,2,0
1695,Johnsun,1600.00,0,0,0,0
1696,Sheep,1600.00,0,0,0,0
1696,OTTO,1600.00,0,1,0,0
1698,Insanity,1600.00,0,0,0,0
1699,Joekerism,1588.00,0,1,4,0
1700,Kanna,1583.00,1,1,0,0
1701,Khynm,1582.00,1,1,1,0
1702,Marfz,1579.00,0,1,0,0
1703,Looca,1566.00,1,1,0,0
1704,Flipper,1557.00,0,1,1,0
1705,KemKen,1557.00,1,0,0,0
1706,Bung,1555.00,1,0,1,0
1707,1250,1550.00,0,0,0,0
1708,GYX,1550.00,0,0,0,0
1709,Xiao17,1550.00,0,0,0,0
1710,1xn,1550.00,0,0,0,0
1711,Yazmat,1549.00,0,1,0,0
1712,Artum,1549.00,0,1,0,0
1713,Croc,1540.00,0,1,2,0
1714,Jaxplank,1537.00,1,1,0,0
1715,LongB,1526.00,1,0,0,0
1716,Adryh,1514.00,1,0,0,0
1717,Elio,1511.00,0,0,0,0
1718,Glory,1511.00,0,0,0,0
1719,Draktharr,1511.00,0,0,0,0
1720,Merza,1504.00,2,0,2,0
1721,TheTess,1501.00,0,1,0,0
1722,Zeypher,1500.00,0,5,1,0
1723,Skyyart,1500.00,0,0,1,0
1724,Mke,1498.00,1,1,0,0
1725,Silas,1494.00,1,1,2,0
1726,Juzinho,1492.00,1,0,0,1
1727,Warszi,1491.00,0,1,1,0
1728,Pak,1482.00,0,3,0,0
1729,JackPoT,1471.00,1,0,0,0
1730,Mingjing,1465.00,0,0,0,0
1731,New,1465.00,0,1,0,0
1732,irma,1465.00,0,1,0,0
1733,View,1465.00,0,0,1,0
1734,Dany,1463.00,1,2,0,0
1735,Appen,1461.00,1,3,1,0
1736,Dawidsonek,1449.00,0,0,0,0
1737,Soren,1443.00,0,1,0,0
1738,Paladin,1441.00,0,0,0,0
1739,Nazgul,1438.00,0,1,0,0
1740,DahVys,1437.00,1,0,0,0
1741,Igloo,1434.00,0,1,0,0
1742,Rawbin,1431.00,3,1,1,0
1743,Librid,1431.00,2,0,0,0
1744,Rein,1419.00,0,0,0,0
1745,Backlund,1418.00,1,0,0,0
1746,WildPanda,1415.00,0,2,0,0
1747,Teeen,1415.00,0,0,1,0
1748,Octomalus,1413.00,1,1,0,0
1749,Dinka,1410.00,1,0,1,0
1750,ZombieKungen,1410.00,1,0,0,0
1751,Paladin,1408.00,0,0,1,0
1752,Skeeto,1402.00,2,3,1,0
1753,Barrage,1400.00,2,1,1,0
1754,RBM,1400.00,0,1,1,0
1755,Chemera,1398.00,1,0,1,0
1756,WooFe,1396.00,0,2,1,0
1757,flare,1379.00,1,0,1,0
1758,Aesenar,1371.00,0,1,0,0
1759,Flakked,1371.00,0,1,0,0
1760,Findus,1363.00,0,1,1,0
1761,Dred,1362.00,1,1,3,0
1762,Jaunatis,1355.00,1,1,0,0
1763,Blue45ty,1346.00,0,1,0,0
1764,Snuggli,1339.00,0,0,1,0
1765,KroMAX,1337.00,0,0,0,0
1766,Miracle,1336.00,0,0,0,0
1767,Laynel,1336.00,0,1,0,0
1768,Follow,1321.00,4,1,0,0
1769,Shaoran,1320.00,0,0,0,0
1770,Numandiel,1313.00,1,1,3,0
1771,Chibs,1306.00,0,3,6,0
1772,Fittle,1305.00,0,1,0,0
1773,Knighter,1303.00,1,1,0,0
1774,Warden,1301.00,0,0,1,0
1775,Thinkcard,1300.00,0,1,0,0
1776,Do1u1u,1300.00,0,0,0,0
1777,HaRleLuYaR,1300.00,0,0,0,0
1778,Eddie,1299.00,0,0,1,0
1779,Punisher,1297.00,0,0,0,0
1780,HHNeverLucky,1296.00,2,5,0,0
1781,KRP,1288.00,0,1,1,0
1782,zhii,1283.00,1,1,0,0
1783,Tibor,1272.00,2,0,0,0
1784,Lotus,1266.00,1,1,0,0
1785,Speedy,1266.00,0,2,0,0
1786,Wylenz,1257.00,0,6,1,0
1787,Kennedys,1248.00,0,0,1,0
1787,Eign,1246.00,2,0,0,0
1789,Peach,1246.00,2,0,0,0
1790,Kabamarru,1235.00,0,4,0,0
1791,Wolf,1235.00,1,2,0,0
1792,Fisher,1233.00,2,1,0,0
1793,Meager,1224.00,0,1,2,0
1794,Asta,1223.00,2,1,0,0
1795,Bobo,1218.00,0,0,1,0
1796,Vizility,1212.00,0,1,0,0
1797,Sanity,1203.00,1,1,1,0
1798,Xyraz,1202.00,1,1,1,0
1799,Rx Dye,1201.00,0,1,1,0
1800,Lesmart,1200.00,2,0,0,0
1801,EquivocaL,1200.00,0,0,0,0
1802,BarneyD,1200.00,0,0,1,0
1803,Lunar,1183.00,0,1,2,0
1804,iLevi,1181.00,1,0,0,0
1805,Carbono,1180.00,0,0,1,0
1806,Busio,1180.00,0,0,1,0
1807,Young,1160.00,0,1,3,0
1808,King,1160.00,0,0,2,0
1809,Slugger,1155.00,0,0,0,0
1810,Shark,1155.00,0,0,0,0
1811,H4cker,1154.00,0,0,1,0
1812,Kind,1150.00,1,0,1,0
1813,Stratospanda,1144.00,1,1,0,0
1814,Lian,1141.00,0,1,2,0
1815,Philip,1140.00,0,0,0,0
1816,KonDziSan,1139.00,0,1,1,0
1817,Meleks,1128.00,0,0,1,0
1818,KOOLBERG,1122.00,0,2,1,0
1819,Dummy,1121.00,0,0,2,0
1820,FatShield,1121.00,0,0,2,0
1821,Saitam,1120.00,0,0,2,0
1822,Vahvel,1118.00,1,0,0,0
1823,ToongE,1117.00,1,2,0,0
1824,Garp,1116.00,1,2,1,0
1825,Sirinox,1113.00,1,2,2,0
1826,PatkicaA,1111.00,0,1,0,0
1827,Sorry,1108.00,1,0,0,0
1828,Spontexx,1106.00,1,0,0,0
1829,Endz,1105.00,4,1,2,0
1830,Eden Fox,1104.00,0,2,1,0
1831,Zappy,1100.00,0,0,1,0
1832,Woodboy,1099.00,0,0,1,0
1833,Champen,1084.00,1,0,0,0
1834,Fax,1082.00,0,1,0,0
1835,Comet,1079.00,0,0,0,0
1836,Unforgiven,1076.00,0,0,1,0
1837,Hoglet,1076.00,0,1,2,0
1838,Lingwi,1071.00,0,1,0,0
1839,Diplex,1066.00,1,0,3,0
1840,Prelude,1064.00,0,0,1,0
1841,Symphony,1063.00,0,0,1,0
1842,Dedrayon,1060.00,0,0,0,0
1843,Blizz,1059.00,1,0,3,0
1844,Kaylem,1056.00,0,1,0,0
1845,Malice,1056.00,0,0,0,0
1846,bAZZILISKS,1054.00,1,2,0,0
1847,Nafkelah,1049.00,0,0,1,0
1848,Pat,1018.00,2,0,1,0
1849,Shine,1017.00,1,0,0,0
1850,Juves,1014.00,0,0,2,0
1851,Last,1010.00,0,0,0,0
1852,Charca,1002.00,1,1,0,0
1853,Serin,1000.00,2,1,0,0
1854,Farfetch,1000.00,2,0,0,0
1855,Swathe,1000.00,0,0,1,0
1856,Gunkrab,1000.00,1,0,1,0
1856,Ferret,1000.00,2,1,0,0
1858,Shok,1000.00,0,1,2,0
1859,SkyTec,1000.00,0,0,0,0
1860,Midbeast,1000.00,0,1,0,0
1861,Dragku,1000.00,0,0,2,0
1862,StarScreen,1000.00,3,2,0,0
1863,TOPKING,1000.00,0,0,0,0
1864,Tsiperakos,998.00,0,1,0,0
1865,Vaynedeta,998.00,0,1,0,0
1866,Blacky,996.00,1,1,0,0
1867,Xeonerr,995.00,0,0,0,0
1868,Klydex,988.00,1,2,0,0
1869,apaMEN,984.00,1,4,5,1
1870,Creon,983.00,0,1,2,0
1871,Jun,981.00,1,0,0,0
1872,DRIFTER,967.00,1,0,0,0
1873,Sangchu,965.00,1,0,0,0
1874,Brona,965.00,1,0,0,0
1875,2003,965.00,1,0,0,0
1876,darkchri,962.00,2,1,0,0
1877,Jackspektra,957.00,0,0,0,0
1878,Jaylink,949.00,1,0,1,0
1879,Cao,940.00,0,0,1,0
1880,Naerea,934.00,2,1,1,0
1881,Homi,933.00,0,3,0,0
1882,Ordno,930.00,0,3,2,0
1883,Psclly,930.00,0,1,2,0
1884,Meaning,928.00,2,2,0,0
1885,StormFury,925.00,0,0,0,0
1886,SlowQ,921.00,1,0,0,0
1887,Sajator,918.00,2,0,0,0
1888,Sacrifice,918.00,2,0,0,0
1889,Beenie,914.00,0,1,0,0
1890,Lospa,913.00,2,0,0,0
1891,Winner,913.00,2,0,0,0
1892,Quid,913.00,2,0,0,0
1893,Jaqen,913.00,0,0,0,0
1894,Taeyoon,910.00,1,0,0,0
1895,Netuno,909.00,1,0,0,0
1896,Naxxy,907.00,0,3,1,0
1897,Jenxas,907.00,0,0,0,0
1898,Delight,903.00,1,0,0,0
1899,Snaker,901.00,0,2,0,0
1900,Patience,900.00,0,0,0,0
1901,Catjug,900.00,0,0,0,0
1902,Hyami,900.00,0,0,0,0
1903,Instinct,900.00,0,0,1,0
1904,Toland,899.00,1,0,1,0
1905,Howling,899.00,1,0,1,0
1906,Enga,893.00,2,1,1,0
1907,Bounty,891.00,2,0,0,0
1908,Guertas,886.00,1,0,3,0
1909,Ploxy,886.00,4,2,1,0
1910,StarSpring,885.00,0,1,0,0
1911,Enty,884.00,1,3,6,1
1912,Winsome,883.00,1,1,0,0
1913,Velja,876.00,0,0,0,0
1914,Cacon,874.00,0,0,0,0
1915,Aomine,874.00,0,0,0,0
1916,Raizins,869.00,0,1,1,0
1917,Lewus,866.00,0,0,0,0
1918,Feedarias,864.00,1,2,0,0
1919,Raven,854.00,0,0,2,0
1920,zezpez,851.00,0,0,0,0
1921,Rhino,850.00,0,1,1,0
1922,Meech,850.00,0,1,1,0
1923,Raheen,850.00,0,1,1,0
1924,KongMing,849.00,1,2,0,0
1925,Helper,849.00,0,0,0,0
1926,HamBak,849.00,1,1,0,0
1927,Godux,838.00,1,1,0,0
1928,Deluxe,837.00,0,1,0,0
1929,Fl4mer,834.00,3,0,1,0
1930,Vaunted,818.00,0,0,0,0
1931,Meron,804.00,2,3,0,0
1932,A M U S E 4,804.00,1,1,0,0
1933,SimSin,801.00,1,0,0,0
1934,Metalx,801.00,0,0,1,0
1935,Yusui,800.00,0,0,0,0
1936,Shera,800.00,0,0,0,0
1937,Rex,800.00,0,0,0,0
1938,Jukes,800.00,0,0,0,0
1939,Gariaru,800.00,0,1,2,0
1940,Kiy1n9,800.00,0,0,0,0
1941,Harpoon,795.00,0,0,0,0
1942,Piloto,795.00,0,0,0,0
1943,KuKu,788.00,0,0,0,0
1944,Gotzy,781.00,0,1,4,0
1945,Mercenary,779.00,0,0,0,0
1946,CyraXx,779.00,0,0,0,0
1947,Veignorem,777.00,1,1,0,0
1948,Valhalla,776.00,0,0,0,0
1949,Khomzar,776.00,0,0,0,0
1950,Jakamaka,772.00,0,0,0,0
1951,Riron,766.00,0,0,1,0
1952,Hioss,763.00,0,1,0,0
1953,BB Muffin,755.00,1,0,0,0
1954,ATRemains,754.00,0,1,1,0
1955,ItzRenifer,748.00,0,0,0,0
1956,Kinn,743.00,0,1,0,0
1957,Calmsky,743.00,0,1,2,0
1958,yOFT,739.00,0,0,2,0
1959,Seal,726.00,0,0,2,0
1960,FlashInTheNight,721.00,0,0,0,0
1961,Panda,720.00,1,0,0,0
1962,Governor,717.00,0,1,1,0
1963,Sloth,713.00,2,0,0,0
1964,Viketox,710.00,0,0,0,0
1965,Sybr,705.00,0,2,0,0
1966,Chalice7,702.00,0,1,0,0
1967,Pain,702.00,0,1,0,0
1968,Meng,702.00,0,1,0,0
1969,Sly,702.00,0,1,0,0
1970,Mish,702.00,0,1,0,0
1971,Ceo,700.00,0,0,0,0
1972,Shu Hari,700.00,0,0,0,0
1973,Zerito,700.00,0,0,0,0
1974,HmlssMaster,696.00,1,1,0,0
1975,Conse,696.00,1,2,1,0
1976,BeBopBulli,691.00,0,1,1,0
1977,ChangeName,682.00,0,1,0,0
1978,DNA,680.00,0,0,1,0
1979,Dragoon,680.00,1,0,1,0
1980,Soul,674.00,0,0,0,0
1981,MyKey,674.00,0,0,0,0
1982,Bendix,670.00,0,1,2,0
1983,FeeNiixZ,661.00,0,1,0,0
1984,Mytant,661.00,0,1,0,0
1985,Balkane,661.00,0,0,0,0
1986,Maynter,661.00,0,0,0,0
1987,PekiDo,661.00,0,0,0,0
1988,6ax,661.00,0,0,0,0
1989,Sericus,661.00,0,0,0,0
1990,Speedo,660.00,0,1,1,0
1991,Lagiah,658.00,0,2,0,0
1992,Rare,650.00,1,0,0,0
1993,Korpse,650.00,1,0,0,0
1994,Gricek,649.00,0,0,0,0
1995,Facen,645.00,0,2,0,0
1996,Smash,642.00,1,1,0,0
1997,Forest,642.00,1,1,0,0
1998,Dal,642.00,1,1,0,0
1999,Minous,642.00,1,1,0,0
2000,Marlon,641.00,0,0,0,0
2001,Eragon,641.00,0,1,0,0
2002,Adiss,635.00,1,1,0,0
2003,Welcom,626.00,1,0,0,0
2003,MjrDee,626.00,0,0,1,0
2005,vvarion,618.00,0,0,0,0
2006,Enel,616.00,0,0,0,0
2007,Rubi0o,601.00,0,1,0,0
2008,YourRiver,600.00,0,0,0,0
2008,Kusuo,600.00,0,0,0,0
2008,Bush,600.00,0,0,0,0
2008,chen9,600.00,0,1,0,0
2008,Shade,600.00,0,4,0,0
2008,WeiLun,600.00,0,0,0,0
2014,Mousty,596.00,0,0,0,0
2014,Bankai,596.00,0,0,0,0
2016,Peppe,592.00,0,1,1,0
2017,Ardes,570.00,0,1,0,0
2018,Straight,563.00,0,1,0,0
2019,Infoneral,561.00,0,0,2,0
2019,OMON,561.00,0,0,2,0
2019,Emiw,561.00,0,0,2,0
2019,Joep,561.00,0,0,2,0
2023,Crazycaps,558.00,0,0,0,0
2024,Betao,552.00,0,1,0,0
2024,Goot,552.00,0,1,0,0
2024,Kick,552.00,0,1,0,0
2027,Hyper,550.00,0,0,2,0
2028,Vayu,549.00,1,0,0,0
2029,Heroic,545.00,4,0,1,0
2030,Hidan,543.00,1,0,0,0
2031,Crowno,541.00,2,1,0,0
2032,Barcode,537.00,0,0,0,0
2033,Muru,535.00,1,0,0,0
2034,Dasher,533.00,0,1,0,0
2034,OdduGi,533.00,0,0,0,0
2036,BetongJocke,530.00,0,0,0,0
2036,Ruf,530.00,0,1,0,0
2038,DarkWings,528.00,0,1,1,0
2039,Safir,520.00,0,0,0,0
2040,Spectral,518.00,1,1,0,0
2041,gyuvee,511.00,2,0,0,0
2041,Focus,511.00,1,0,0,0
2043,Wixxi,510.00,1,1,0,0
2044,Bartiono,508.00,0,0,0,0
2045,Jool,505.00,0,0,0,0
2045,Roamer,505.00,1,2,0,0
2045,Bini,505.00,0,0,0,0
2045,Harp,505.00,0,0,0,0
2049,Betsy,500.00,0,0,0,0
2049,BeNw,500.00,0,0,0,0
2049,ProDelta,500.00,0,2,0,0
2052,EMENES,496.00,2,0,0,0
2052,Drop,496.00,0,0,0,0
2054,Scuro,489.00,0,0,0,0
2055,Dehaste,488.00,2,3,0,0
2056,Dizzy,477.00,0,0,1,0
2056,Lunddorf,477.00,0,2,0,0
2058,Harumi,474.00,0,0,0,0
2059,ThintoN,471.00,0,0,3,0
2060,Galben,468.00,0,0,0,0
2061,Cacah,466.00,1,0,0,0
2062,Jean Mago,463.00,1,1,0,0
2063,PFI,462.00,0,1,1,0
2064,POILK,453.00,0,1,0,0
2064,Denzel,453.00,0,1,0,0
2066,Fizzi,450.00,0,0,0,0
2067,Dipzey,449.00,0,2,0,0
2068,SunSieu,448.00,0,0,0,0
2068,Rowelly,448.00,3,2,1,0
2068,Kiao,448.00,3,2,1,0
2071,Mirmoooo,437.00,0,0,1,0
2072,Julbu,436.00,1,0,0,0
2073,Elusion,434.00,0,0,0,0
2073,Reversed,434.00,0,0,0,0
2075,Aziado,431.00,3,1,0,0
2076,MeLikePanda,428.00,0,1,2,0
2077,Nasser,422.00,0,1,1,0
2077,Nomi,422.00,1,2,0,0
2079,Jonsonny,420.00,0,2,1,0
2079,Gralou,420.00,0,2,0,0
2081,griff,419.00,0,1,0,0
2081,AcceZ,419.00,0,1,0,0
2083,Motroco,412.00,0,0,0,0
2084,Witsyy,411.00,0,1,0,0
2084,Mafab,411.00,0,1,0,0
2084,Stanniez,411.00,0,1,0,0
2084,AlphaCloud,411.00,0,1,0,0
2088,Gaaloul,410.00,0,0,0,0
2088,CptShrimps,410.00,0,1,2,0
2090,LagsAlot,401.00,0,0,0,0
2091,Dodo,400.00,0,0,0,0
2091,Xeno,400.00,0,0,0,0
2091,Cresho,400.00,0,0,0,0
2091,Takeover,400.00,0,1,1,0
2091,Phantoml0rd,400.00,0,0,0,0
2091,TeamLuke,400.00,0,0,0,0
2091,Zihan,400.00,0,0,0,0
2091,Maplestreet,400.00,0,0,0,0
2091,KASAPINA,400.00,0,1,0,0
2100,Lakinther,399.00,1,0,0,0
2101,Rhobalas,398.00,1,0,0,0
2102,Jhinsane,395.00,0,0,0,0
2103,Alexx,392.00,1,1,0,0
2103,Noma,392.00,1,3,2,0
2105,Seb,389.00,0,0,0,0
2106,Haretti,387.00,1,1,2,1
2106,Recap,387.00,0,1,1,0
2106,alleycat,387.00,0,0,1,0
2109,Zzk,386.00,1,1,0,0
2110,RotteBengi,383.00,0,0,1,0
2110,Carlsen,383.00,0,0,1,0
2110,Rylle,383.00,0,0,1,0
2110,Mixsi,383.00,0,0,1,0
2114,Cathrine,369.00,1,1,0,0
2115,Taara,363.00,0,0,0,0
2116,YamatoCannon,360.00,0,0,0,0
2117,Decky,357.00,0,1,0,0
2117,Blaise,357.00,0,0,0,0
2119,Bible,356.00,1,0,0,0
2119,Cavalo,356.00,0,0,0,0
2119,Ravenzin,356.00,0,0,0,0
2119,Yupps,356.00,0,0,0,0
2119,Disamis,356.00,0,0,0,0
2124,AMOUR FAYA,351.00,0,0,0,0
2124,Kamil,351.00,0,2,0,0
2126,Neephesto,349.00,0,0,0,0
2127,Mido,347.00,0,1,0,0
2128,Athyz,340.00,1,0,0,0
2129,Poppy,339.00,0,0,0,0
2130,Hachiman,333.00,0,0,0,0
2131,Redentor,327.00,0,0,0,0
2132,Luana,325.00,0,3,0,0
2133,Naruterador,324.00,0,1,0,0
2134,Rebengga,315.00,1,1,0,0
2135,cowTard,314.00,0,1,0,0
2136,Sky,283.00,0,2,0,0
2137,Zaphyr,280.00,0,1,0,0
2138,Zeussak,276.00,0,1,2,0
2139,Travanques,275.00,0,1,3,0
2140,Hugato,270.00,0,0,0,0
2141,Haze,269.00,0,1,0,0
2142,BAeKHo,264.00,0,1,0,0
2142,MapSSi,264.00,0,1,0,0
2142,Burry,264.00,0,1,0,0
2145,Piwek,261.00,0,0,0,0
2146,Brance,260.00,1,0,0,0
2146,Aithusa,260.00,1,0,0,0
2146,Vitin,260.00,0,0,0,0
2149,Gaboesh,258.00,0,0,0,0
2149,FENZ1,258.00,0,0,0,0
2149,S1d,258.00,0,1,0,0
2152,Ksaez,254.00,0,0,1,0
2153,Merit,251.00,0,1,0,0
2153,Dracxar,251.00,0,1,0,0
2153,Zzanggu,251.00,0,1,0,0
2156,Belgianbeast,250.00,0,0,0,0
2156,Sheepy,250.00,0,0,0,0
2158,Divider,238.00,0,1,0,0
2159,Teh,236.00,0,0,0,0
2159,Sufleks,236.00,0,0,0,0
2161,Silk,234.00,0,0,0,0
2162,KuMaMoTo,232.00,0,0,0,0
2163,Nigelf,231.00,0,0,0,0
2163,Telas,231.00,0,0,0,0
2165,Moo,230.00,0,0,0,0
2166,F4rg,226.00,0,1,3,0
2167,Azra,222.00,1,0,0,0
2168,MrFreezed,221.00,0,0,0,0
2168,Warizar,221.00,0,0,0,0
2170,Imbi,206.00,0,0,0,0
2171,Akabuff,200.00,0,0,0,0
2172,cogcog,184.00,0,2,0,0
2172,Rainbrain,184.00,0,1,0,0
2174,Defflok,183.00,0,0,1,0
2175,WaenA,178.00,0,2,1,0
2176,theblindboy,176.00,0,0,0,0
2177,Poby,173.00,0,1,0,0
2178,Jinsh,168.00,0,0,1,0
2178,Zerost,168.00,1,2,1,0
2178,Awaker,168.00,0,1,1,0
2181,MGX,162.00,0,0,1,0
2182,HW4NG,161.00,0,1,0,0
2183,Eclipse,160.00,0,0,0,0
2183,Revenge,160.00,0,1,0,0
2185,Boukada,150.00,0,0,1,0
2186,Stankie,149.00,0,0,0,0
2186,Titeito,149.00,0,0,0,0
2188,Reedfoo,139.00,0,0,1,0
2189,Soulah,137.00,0,0,0,0
2189,Crit Hero,137.00,0,0,0,0
2191,sorahed,135.00,0,0,0,0
2192,breezyyy,128.00,0,1,0,0
2193,Monarca,119.00,1,0,0,0
2194,Praevius,118.00,0,1,1,0
2194,Crocomux,118.00,0,0,0,0
2196,Skain,116.00,0,0,0,0
2196,Nixerino,116.00,0,0,0,0
2198,BoffeN,114.00,0,1,0,0
2198,Axecitement,114.00,0,0,1,0
2200,Lawi,113.00,0,0,0,0
2200,Small,113.00,0,0,0,0
2202,Infinity,112.00,1,0,0,0
2203,Kortini,109.00,0,0,0,0
2203,Eric,109.00,0,0,0,0
2205,Exyu,100.00,0,1,0,0
2206,Ari,77.00,0,0,0,0
2206,Guigs,77.00,0,0,0,0
2208,Yatsu,74.00,0,0,0,0
2208,Hanor,74.00,0,0,0,0
2210,HongA,71.00,0,0,1,0
2210,Blessing,71.00,0,0,1,0
2212,sLiM5h4dY,68.00,0,1,0,0
2213,Typical,59.00,0,0,0,0
2213,Kourosh,59.00,0,0,0,0
2213,WildStars,59.00,0,0,0,0
2216,TheKat,54.00,0,0,0,0
2216,Saizo,54.00,0,0,0,0
2218,Kio,46.00,0,0,0,0
2218,Pjush,46.00,1,0,0,0
2218,Unlimited,46.00,0,0,0,0
2218,Mazurr,46.00,0,0,0,0
2218,Ravea,46.00,1,0,0,0
2218,Naelynn,46.00,1,0,0,0
2224,Shellkunchik,42.00,0,0,0,0
2225,VISAO,39.00,0,0,0,0
